public_id,rna_sample_day
mmrf_1021,-29.0
mmrf_1024,-28.0
mmrf_1024,277.0
mmrf_1024,429.0
mmrf_1029,-5.0
mmrf_1030,-12.0
mmrf_1031,-2.0
mmrf_1032,-4.0
mmrf_1033,-30.0
mmrf_1038,-31.0
mmrf_1045,-21.0
mmrf_1048,0.0
mmrf_1049,1078.0
mmrf_1049,1371.0
mmrf_1061,1284.0
mmrf_1068,-7.0
mmrf_1073,-9.0
mmrf_1077,-22.0
mmrf_1078,-14.0
mmrf_1079,-5.0
mmrf_1079,1306.0
mmrf_1080,-11.0
mmrf_1082,-15.0
mmrf_1085,434.0
mmrf_1086,-10.0
mmrf_1089,-27.0
mmrf_1092,-42.0
mmrf_1098,-29.0
mmrf_1099,-4.0
mmrf_1100,-20.0
mmrf_1108,0.0
mmrf_1110,1288.0
mmrf_1112,1185.0
mmrf_1128,-31.0
mmrf_1129,-6.0
mmrf_1130,-11.0
mmrf_1131,315.0
mmrf_1137,-6.0
mmrf_1137,318.0
mmrf_1137,749.0
mmrf_1148,-1.0
mmrf_1151,-7.0
mmrf_1152,-3.0
mmrf_1153,-12.0
mmrf_1157,-14.0
mmrf_1157,575.0
mmrf_1157,674.0
mmrf_1157,932.0
mmrf_1159,-7.0
mmrf_1164,0.0
mmrf_1167,10.0
mmrf_1169,-20.0
mmrf_1171,-23.0
mmrf_1178,-19.0
mmrf_1179,0.0
mmrf_1179,1085.0
mmrf_1180,-7.0
mmrf_1184,-5.0
mmrf_1185,-7.0
mmrf_1188,-28.0
mmrf_1189,-6.0
mmrf_1193,611.0
mmrf_1193,875.0
mmrf_1195,-4.0
mmrf_1201,-2.0
mmrf_1201,1390.0
mmrf_1202,-23.0
mmrf_1205,587.0
mmrf_1210,-3.0
mmrf_1211,-6.0
mmrf_1212,-2.0
mmrf_1216,-11.0
mmrf_1219,266.0
mmrf_1223,592.0
mmrf_1224,-2.0
mmrf_1229,93.0
mmrf_1229,270.0
mmrf_1235,-7.0
mmrf_1235,205.0
mmrf_1242,-4.0
mmrf_1244,-11.0
mmrf_1250,-35.0
mmrf_1251,-8.0
mmrf_1252,0.0
mmrf_1256,177.0
mmrf_1257,-12.0
mmrf_1260,-6.0
mmrf_1261,-7.0
mmrf_1266,-14.0
mmrf_1267,-1.0
mmrf_1269,-17.0
mmrf_1274,-16.0
mmrf_1284,-3.0
mmrf_1284,205.0
mmrf_1285,-15.0
mmrf_1285,861.0
mmrf_1286,-19.0
mmrf_1289,-7.0
mmrf_1290,-4.0
mmrf_1293,-58.0
mmrf_1293,1306.0
mmrf_1295,-13.0
mmrf_1296,-13.0
mmrf_1300,-46.0
mmrf_1304,-6.0
mmrf_1307,-6.0
mmrf_1308,-11.0
mmrf_1309,-28.0
mmrf_1309,927.0
mmrf_1310,-6.0
mmrf_1311,-15.0
mmrf_1312,-7.0
mmrf_1314,-7.0
mmrf_1318,-11.0
mmrf_1320,0.0
mmrf_1323,-16.0
mmrf_1324,-3.0
mmrf_1325,-8.0
mmrf_1328,-8.0
mmrf_1331,-4.0
mmrf_1335,-3.0
mmrf_1338,0.0
mmrf_1342,-13.0
mmrf_1344,0.0
mmrf_1346,-31.0
mmrf_1348,-7.0
mmrf_1349,-4.0
mmrf_1352,-7.0
mmrf_1354,-1.0
mmrf_1355,-20.0
mmrf_1356,0.0
mmrf_1358,-32.0
mmrf_1359,-7.0
mmrf_1360,-15.0
mmrf_1361,-1.0
mmrf_1364,-6.0
mmrf_1371,-11.0
mmrf_1373,0.0
mmrf_1374,-22.0
mmrf_1377,-13.0
mmrf_1380,-17.0
mmrf_1380,190.0
mmrf_1383,-21.0
mmrf_1386,-9.0
mmrf_1388,-12.0
mmrf_1389,-18.0
mmrf_1391,-20.0
mmrf_1392,0.0
mmrf_1393,-8.0
mmrf_1395,-21.0
mmrf_1401,-12.0
mmrf_1403,-9.0
mmrf_1407,-17.0
mmrf_1408,-10.0
mmrf_1413,-4.0
mmrf_1415,-4.0
mmrf_1423,-15.0
mmrf_1424,-7.0
mmrf_1425,-1.0
mmrf_1426,0.0
mmrf_1432,0.0
mmrf_1433,-14.0
mmrf_1433,882.0
mmrf_1434,-8.0
mmrf_1436,-28.0
mmrf_1446,-7.0
mmrf_1447,-3.0
mmrf_1451,0.0
mmrf_1452,0.0
mmrf_1453,-11.0
mmrf_1454,-28.0
mmrf_1455,-14.0
mmrf_1458,-11.0
mmrf_1460,-3.0
mmrf_1461,-8.0
mmrf_1462,-14.0
mmrf_1462,631.0
mmrf_1462,863.0
mmrf_1466,-4.0
mmrf_1470,-3.0
mmrf_1474,-7.0
mmrf_1478,0.0
mmrf_1484,-30.0
mmrf_1489,-17.0
mmrf_1490,-2.0
mmrf_1491,-6.0
mmrf_1494,-14.0
mmrf_1496,-2.0
mmrf_1496,307.0
mmrf_1497,-9.0
mmrf_1499,-15.0
mmrf_1500,931.0
mmrf_1501,-2.0
mmrf_1502,-4.0
mmrf_1504,-4.0
mmrf_1506,-6.0
mmrf_1510,-1.0
mmrf_1511,-11.0
mmrf_1512,-2.0
mmrf_1513,-20.0
mmrf_1516,-11.0
mmrf_1519,-1.0
mmrf_1520,-18.0
mmrf_1522,-6.0
mmrf_1523,-1.0
mmrf_1531,-13.0
mmrf_1534,-20.0
mmrf_1537,-13.0
mmrf_1538,-8.0
mmrf_1539,-10.0
mmrf_1540,-53.0
mmrf_1541,-22.0
mmrf_1542,-20.0
mmrf_1543,-24.0
mmrf_1546,-7.0
mmrf_1550,-14.0
mmrf_1556,-6.0
mmrf_1560,-19.0
mmrf_1565,0.0
mmrf_1570,-35.0
mmrf_1572,-11.0
mmrf_1573,0.0
mmrf_1574,-1.0
mmrf_1577,-5.0
mmrf_1579,-21.0
mmrf_1583,-4.0
mmrf_1587,-11.0
mmrf_1588,-77.0
mmrf_1589,-15.0
mmrf_1593,-4.0
mmrf_1595,-14.0
mmrf_1596,-4.0
mmrf_1597,0.0
mmrf_1603,0.0
mmrf_1605,-3.0
mmrf_1613,-7.0
mmrf_1614,-5.0
mmrf_1617,-5.0
mmrf_1618,-17.0
mmrf_1621,-12.0
mmrf_1624,-9.0
mmrf_1625,-1.0
mmrf_1627,-1.0
mmrf_1627,636.0
mmrf_1630,-5.0
mmrf_1633,-2.0
mmrf_1637,-11.0
mmrf_1639,0.0
mmrf_1640,0.0
mmrf_1641,-3.0
mmrf_1643,-20.0
mmrf_1645,-2.0
mmrf_1650,645.0
mmrf_1651,-6.0
mmrf_1652,-13.0
mmrf_1655,-8.0
mmrf_1656,-18.0
mmrf_1659,0.0
mmrf_1659,623.0
mmrf_1664,0.0
mmrf_1665,0.0
mmrf_1668,0.0
mmrf_1671,-18.0
mmrf_1671,848.0
mmrf_1672,-28.0
mmrf_1677,-27.0
mmrf_1682,-1.0
mmrf_1683,-35.0
mmrf_1686,-15.0
mmrf_1686,273.0
mmrf_1690,-12.0
mmrf_1694,-25.0
mmrf_1694,916.0
mmrf_1695,-22.0
mmrf_1698,-5.0
mmrf_1700,-6.0
mmrf_1705,-50.0
mmrf_1710,-8.0
mmrf_1713,-4.0
mmrf_1714,-3.0
mmrf_1715,-7.0
mmrf_1718,-9.0
mmrf_1719,0.0
mmrf_1721,-37.0
mmrf_1722,-4.0
mmrf_1726,-3.0
mmrf_1727,-14.0
mmrf_1730,-23.0
mmrf_1731,0.0
mmrf_1733,-14.0
mmrf_1735,-18.0
mmrf_1736,-31.0
mmrf_1738,-1.0
mmrf_1739,0.0
mmrf_1744,0.0
mmrf_1750,-23.0
mmrf_1755,-54.0
mmrf_1758,-1.0
mmrf_1759,-6.0
mmrf_1766,-4.0
mmrf_1768,-15.0
mmrf_1771,-1.0
mmrf_1773,-14.0
mmrf_1775,-8.0
mmrf_1777,-7.0
mmrf_1780,-2.0
mmrf_1782,-16.0
mmrf_1783,-33.0
mmrf_1783,379.0
mmrf_1785,-6.0
mmrf_1786,-11.0
mmrf_1787,-18.0
mmrf_1790,-7.0
mmrf_1790,350.0
mmrf_1790,597.0
mmrf_1792,-1.0
mmrf_1793,-21.0
mmrf_1795,-12.0
mmrf_1796,-13.0
mmrf_1797,-13.0
mmrf_1801,-14.0
mmrf_1802,-10.0
mmrf_1805,-49.0
mmrf_1807,-47.0
mmrf_1808,-14.0
mmrf_1810,0.0
mmrf_1814,-13.0
mmrf_1817,-24.0
mmrf_1822,-7.0
mmrf_1823,-8.0
mmrf_1824,-21.0
mmrf_1825,-7.0
mmrf_1830,-4.0
mmrf_1831,-4.0
mmrf_1832,-8.0
mmrf_1833,-39.0
mmrf_1835,-18.0
mmrf_1837,-15.0
mmrf_1838,167.0
mmrf_1839,-14.0
mmrf_1842,-26.0
mmrf_1845,-14.0
mmrf_1846,-12.0
mmrf_1847,-13.0
mmrf_1850,-41.0
mmrf_1854,-13.0
mmrf_1855,-7.0
mmrf_1856,-8.0
mmrf_1857,-13.0
mmrf_1859,-1.0
mmrf_1860,-17.0
mmrf_1861,-56.0
mmrf_1862,-14.0
mmrf_1865,-1.0
mmrf_1867,-15.0
mmrf_1871,-1.0
mmrf_1876,-1.0
mmrf_1879,-7.0
mmrf_1880,-15.0
mmrf_1881,-27.0
mmrf_1882,-28.0
mmrf_1886,-4.0
mmrf_1888,-59.0
mmrf_1889,-34.0
mmrf_1889,406.0
mmrf_1891,-43.0
mmrf_1893,-7.0
mmrf_1895,-12.0
mmrf_1900,-13.0
mmrf_1906,-2.0
mmrf_1908,-5.0
mmrf_1910,22.0
mmrf_1911,-13.0
mmrf_1912,-10.0
mmrf_1913,794.0
mmrf_1915,0.0
mmrf_1916,-1.0
mmrf_1917,-22.0
mmrf_1918,-77.0
mmrf_1921,-10.0
mmrf_1922,-10.0
mmrf_1923,-13.0
mmrf_1927,-2.0
mmrf_1928,-43.0
mmrf_1931,-5.0
mmrf_1931,527.0
mmrf_1932,-7.0
mmrf_1935,-9.0
mmrf_1936,0.0
mmrf_1941,-54.0
mmrf_1947,-25.0
mmrf_1949,-6.0
mmrf_1950,-3.0
mmrf_1951,-4.0
mmrf_1952,-4.0
mmrf_1965,-2.0
mmrf_1967,-2.0
mmrf_1971,-24.0
mmrf_1972,-6.0
mmrf_1974,-1.0
mmrf_1977,-6.0
mmrf_1978,-7.0
mmrf_1978,629.0
mmrf_1981,-5.0
mmrf_1982,-53.0
mmrf_1985,-16.0
mmrf_1988,-47.0
mmrf_1991,-5.0
mmrf_1992,0.0
mmrf_1992,449.0
mmrf_1997,-14.0
mmrf_1998,-13.0
mmrf_2000,0.0
mmrf_2001,-55.0
mmrf_2005,-12.0
mmrf_2006,-11.0
mmrf_2011,310.0
mmrf_2012,-5.0
mmrf_2013,-7.0
mmrf_2016,-3.0
mmrf_2017,-15.0
mmrf_2017,222.0
mmrf_2018,-12.0
mmrf_2019,-12.0
mmrf_2026,-35.0
mmrf_2038,0.0
mmrf_2039,0.0
mmrf_2041,0.0
mmrf_2043,-4.0
mmrf_2047,-20.0
mmrf_2050,-6.0
mmrf_2054,-12.0
mmrf_2055,-34.0
mmrf_2056,-8.0
mmrf_2059,0.0
mmrf_2061,-6.0
mmrf_2062,-1.0
mmrf_2068,0.0
mmrf_2072,-18.0
mmrf_2074,-19.0
mmrf_2076,-4.0
mmrf_2079,-30.0
mmrf_2080,-11.0
mmrf_2081,-5.0
mmrf_2082,-28.0
mmrf_2083,-20.0
mmrf_2083,326.0
mmrf_2087,0.0
mmrf_2089,-9.0
mmrf_2091,-27.0
mmrf_2093,-12.0
mmrf_2097,-12.0
mmrf_2098,-17.0
mmrf_2102,-18.0
mmrf_2106,-29.0
mmrf_2107,-3.0
mmrf_2111,-9.0
mmrf_2113,-69.0
mmrf_2116,-22.0
mmrf_2118,-7.0
mmrf_2119,-11.0
mmrf_2122,-7.0
mmrf_2122,538.0
mmrf_2125,-18.0
mmrf_2126,-21.0
mmrf_2140,86.0
mmrf_2141,-21.0
mmrf_2143,-8.0
mmrf_2149,-14.0
mmrf_2150,-3.0
mmrf_2153,-12.0
mmrf_2168,-40.0
mmrf_2170,-1.0
mmrf_2172,-1.0
mmrf_2173,-8.0
mmrf_2174,0.0
mmrf_2176,-27.0
mmrf_2180,-21.0
mmrf_2183,-2.0
mmrf_2194,0.0
mmrf_2194,442.0
mmrf_2195,-4.0
mmrf_2199,-1.0
mmrf_2200,-1.0
mmrf_2201,-8.0
mmrf_2203,-5.0
mmrf_2204,-10.0
mmrf_2211,0.0
mmrf_2213,-2.0
mmrf_2214,-6.0
mmrf_2215,-11.0
mmrf_2216,0.0
mmrf_2217,-4.0
mmrf_2220,-5.0
mmrf_2224,-4.0
mmrf_2225,0.0
mmrf_2228,-18.0
mmrf_2229,-55.0
mmrf_2230,-5.0
mmrf_2231,-20.0
mmrf_2232,-19.0
mmrf_2236,-13.0
mmrf_2238,2.0
mmrf_2240,0.0
mmrf_2250,-12.0
mmrf_2253,-14.0
mmrf_2257,-9.0
mmrf_2258,-21.0
mmrf_2265,-14.0
mmrf_2266,0.0
mmrf_2267,-6.0
mmrf_2268,-4.0
mmrf_2269,-48.0
mmrf_2271,-17.0
mmrf_2273,-1.0
mmrf_2279,-6.0
mmrf_2286,-49.0
mmrf_2293,0.0
mmrf_2297,-13.0
mmrf_2301,-32.0
mmrf_2302,-38.0
mmrf_2305,0.0
mmrf_2306,-10.0
mmrf_2310,-21.0
mmrf_2313,-13.0
mmrf_2316,-3.0
mmrf_2317,-12.0
mmrf_2325,-26.0
mmrf_2326,-20.0
mmrf_2328,-1.0
mmrf_2329,-18.0
mmrf_2330,-11.0
mmrf_2331,-24.0
mmrf_2335,-7.0
mmrf_2336,-42.0
mmrf_2339,0.0
mmrf_2344,328.0
mmrf_2352,-5.0
mmrf_2353,-17.0
mmrf_2362,0.0
mmrf_2363,-12.0
mmrf_2365,-22.0
mmrf_2366,-4.0
mmrf_2367,-4.0
mmrf_2373,-13.0
mmrf_2373,413.0
mmrf_2377,-8.0
mmrf_2378,-18.0
mmrf_2380,-4.0
mmrf_2384,-14.0
mmrf_2394,-10.0
mmrf_2399,-5.0
mmrf_2400,-1.0
mmrf_2401,-4.0
mmrf_2401,119.0
mmrf_2404,0.0
mmrf_2407,-10.0
mmrf_2409,-7.0
mmrf_2412,0.0
mmrf_2413,-3.0
mmrf_2419,162.0
mmrf_2422,-35.0
mmrf_2427,-59.0
mmrf_2429,111.0
mmrf_2433,-1.0
mmrf_2436,-2.0
mmrf_2437,-4.0
mmrf_2438,-52.0
mmrf_2440,-8.0
mmrf_2445,-67.0
mmrf_2449,0.0
mmrf_2452,0.0
mmrf_2453,-7.0
mmrf_2455,-18.0
mmrf_2456,0.0
mmrf_2457,-41.0
mmrf_2458,-4.0
mmrf_2459,-10.0
mmrf_2461,-15.0
mmrf_2464,-28.0
mmrf_2465,0.0
mmrf_2468,-20.0
mmrf_2469,-4.0
mmrf_2471,-11.0
mmrf_2473,-10.0
mmrf_2475,-46.0
mmrf_2476,-6.0
mmrf_2478,-5.0
mmrf_2480,-20.0
mmrf_2485,-8.0
mmrf_2487,0.0
mmrf_2488,-1.0
mmrf_2489,0.0
mmrf_2490,-2.0
mmrf_2490,111.0
mmrf_2497,-29.0
mmrf_2498,-16.0
mmrf_2499,-1.0
mmrf_2501,-1.0
mmrf_2505,-1.0
mmrf_2506,-17.0
mmrf_2507,-1.0
mmrf_2514,-4.0
mmrf_2515,-14.0
mmrf_2516,-16.0
mmrf_2518,-53.0
mmrf_2519,-14.0
mmrf_2522,-28.0
mmrf_2523,-11.0
mmrf_2524,-27.0
mmrf_2525,-7.0
mmrf_2526,-21.0
mmrf_2531,0.0
mmrf_2531,429.0
mmrf_2532,-2.0
mmrf_2535,2.0
mmrf_2538,-11.0
mmrf_2539,-15.0
mmrf_2541,-22.0
mmrf_2548,0.0
mmrf_2549,0.0
mmrf_2550,-18.0
mmrf_2554,0.0
mmrf_2557,-11.0
mmrf_2559,0.0
mmrf_2560,-33.0
mmrf_2562,-11.0
mmrf_2564,-10.0
mmrf_2568,-10.0
mmrf_2570,-4.0
mmrf_2572,-1.0
mmrf_2573,-10.0
mmrf_2574,-3.0
mmrf_2579,-19.0
mmrf_2580,-1.0
mmrf_2583,-2.0
mmrf_2587,-15.0
mmrf_2590,-26.0
mmrf_2595,-14.0
mmrf_2596,-20.0
mmrf_2597,-1.0
mmrf_2598,0.0
mmrf_2599,-6.0
mmrf_2601,-3.0
mmrf_2604,0.0
mmrf_2605,-8.0
mmrf_2606,-5.0
mmrf_2608,0.0
mmrf_2611,-8.0
mmrf_2613,-6.0
mmrf_2613,356.0
mmrf_2614,0.0
mmrf_2621,-2.0
mmrf_2622,-8.0
mmrf_2626,-8.0
mmrf_2628,-7.0
mmrf_2630,-5.0
mmrf_2631,0.0
mmrf_2634,-3.0
mmrf_2635,-7.0
mmrf_2636,-4.0
mmrf_2637,0.0
mmrf_2638,-7.0
mmrf_2639,-2.0
mmrf_2641,-4.0
mmrf_2642,0.0
mmrf_2643,-1.0
mmrf_2644,-1.0
mmrf_2651,-1.0
mmrf_2652,-1.0
mmrf_2667,7.0
mmrf_2670,5.0
mmrf_2676,-12.0
mmrf_2677,-7.0
mmrf_2678,-3.0
mmrf_2680,-6.0
mmrf_2681,1.0
mmrf_2682,-1.0
mmrf_2689,-9.0
mmrf_2690,-1.0
mmrf_2695,0.0
mmrf_2696,-6.0
mmrf_2697,-6.0
mmrf_2698,0.0
mmrf_2699,-2.0
mmrf_2700,-14.0
mmrf_2702,0.0
mmrf_2705,-1.0
mmrf_2709,0.0
mmrf_2711,-19.0
mmrf_2716,5.0
mmrf_2717,6.0
mmrf_2718,-6.0
mmrf_2719,-14.0
mmrf_2720,0.0
mmrf_2721,-6.0
mmrf_2722,-1.0
mmrf_2723,-1.0
mmrf_2727,1.0
mmrf_2728,-1.0
mmrf_2729,-13.0
mmrf_2731,-8.0
mmrf_2734,-2.0
mmrf_2740,-8.0
mmrf_2742,8.0
mmrf_2746,-7.0
mmrf_2749,-10.0
mmrf_2750,-1.0
mmrf_2757,-9.0
mmrf_2760,-14.0
mmrf_2762,0.0
mmrf_2763,-1.0
mmrf_2764,-9.0
mmrf_2767,5.0
mmrf_2769,-6.0
mmrf_2770,-14.0
mmrf_2772,-6.0
mmrf_2774,-20.0
mmrf_2776,0.0
mmrf_2779,-2.0
mmrf_2782,-6.0
mmrf_2787,-6.0
mmrf_2788,0.0
mmrf_2789,0.0
mmrf_2793,0.0
mmrf_2794,0.0
mmrf_2795,0.0
mmrf_2801,0.0
mmrf_2807,-2.0
mmrf_2808,-4.0
mmrf_2813,0.0
mmrf_2814,-6.0
mmrf_2815,-7.0
mmrf_2816,-12.0
mmrf_2817,-13.0
mmrf_2818,-6.0
mmrf_2820,0.0
mmrf_2822,0.0
mmrf_2826,-7.0
mmrf_2827,-8.0
mmrf_2828,-5.0
mmrf_2829,0.0
mmrf_2830,-2.0
mmrf_2831,-55.0
mmrf_2832,-4.0
mmrf_2834,-13.0
mmrf_2836,-1.0
mmrf_2843,-8.0
mmrf_2847,-3.0
mmrf_2848,-6.0
mmrf_2851,-11.0
