treatment,role_declared,universe,group_rows,group_pts,group_events,group_non_events,complement_rows,complement_pts,complement_events,complement_non_events,tier_group,tier_complement,tier,tier_declared,tier_matches_declared_role,multiclass_min_class_group,multiclass_min_class_complement,multiclass_class_counts_group,multiclass_ok
pi,primary,partA_trainval,1902,412,416,1486,5037,549,911,4126,1,1,1,1,True,135.0,649.0,"{""progressive_disease"": 254, ""stable_disease"": 296, ""partial_response"": 368, ""very_good_partial_response"": 817, ""complete_response"": 151, ""stringent_complete_response"": 135}",True
pi,primary,partB_pooled,2242,490,491,1751,6019,649,1082,4937,1,1,1,1,True,,,,
imid,primary,partA_trainval,3312,410,576,2736,3627,550,751,2876,1,1,1,1,True,360.0,386.0,"{""progressive_disease"": 360, ""stable_disease"": 522, ""partial_response"": 492, ""very_good_partial_response"": 1345, ""complete_response"": 569, ""stringent_complete_response"": 388}",True
imid,primary,partB_pooled,3924,489,675,3249,4337,644,898,3439,1,1,1,1,True,,,,
steroid,primary,partA_trainval,2666,464,582,2084,4273,524,745,3528,1,1,1,1,True,151.0,452.0,"{""progressive_disease"": 365, ""stable_disease"": 476, ""partial_response"": 565, ""very_good_partial_response"": 969, ""complete_response"": 267, ""stringent_complete_response"": 151}",True
steroid,primary,partB_pooled,3131,553,683,2448,5130,618,890,4240,1,1,1,1,True,,,,
cd38,exploratory,partA_trainval,532,129,112,420,6407,596,1215,5192,2,1,2,2,True,33.0,837.0,"{""progressive_disease"": 93, ""stable_disease"": 76, ""partial_response"": 97, ""very_good_partial_response"": 174, ""complete_response"": 86, ""stringent_complete_response"": 33}",True
cd38,exploratory,partB_pooled,602,148,125,477,7659,703,1448,6211,2,1,2,2,True,,,,
chemo,exploratory,partA_trainval,400,184,116,284,6539,584,1211,5328,2,1,2,2,True,3.0,867.0,"{""progressive_disease"": 78, ""stable_disease"": 68, ""partial_response"": 103, ""very_good_partial_response"": 144, ""complete_response"": 6, ""stringent_complete_response"": 3}",False
chemo,exploratory,partB_pooled,489,221,135,354,7772,689,1438,6334,2,1,2,2,True,,,,
slamf7,unsupported,partA_trainval,168,39,23,145,6771,596,1304,5467,3,1,3,3,True,1.0,869.0,"{""progressive_disease"": 27, ""stable_disease"": 36, ""partial_response"": 40, ""very_good_partial_response"": 45, ""complete_response"": 20, ""stringent_complete_response"": 1}",False
slamf7,unsupported,partB_pooled,209,45,29,180,8052,703,1544,6508,3,1,3,3,True,,,,
bcma,unsupported,partA_trainval,8,7,2,6,6931,596,1325,5606,3,1,3,3,True,0.0,867.0,"{""progressive_disease"": 4, ""stable_disease"": 1, ""partial_response"": 1, ""very_good_partial_response"": 0, ""complete_response"": 1, ""stringent_complete_response"": 3}",False
bcma,unsupported,partB_pooled,8,7,2,6,8253,703,1571,6682,3,1,3,3,True,,,,
