signature,rows,patients,events
none,2795,559,581
imid,1612,227,180
pi+imid+steroid,850,287,197
imid+steroid,725,184,137
pi+steroid,458,173,101
pi,298,81,38
pi+steroid+chemo,290,154,80
imid+steroid+cd38,224,72,51
imid+steroid+slamf7,156,34,21
pi+imid,131,38,28
steroid,110,54,24
cd38,86,28,18
steroid+cd38,75,21,10
pi+steroid+cd38,71,23,11
imid+cd38,56,23,13
steroid+chemo,48,32,14
pi+imid+cd38,36,9,9
imid+steroid+chemo,35,20,14
chemo,31,19,8
pi+imid+steroid+chemo,31,19,10
pi+chemo,26,10,4
pi+imid+steroid+cd38,19,8,7
imid+slamf7,16,5,2
slamf7,14,4,3
pi+imid+steroid+slamf7,11,4,2
pi+cd38,10,4,2
steroid+slamf7,9,8,1
bcma,7,7,2
imid+cd38+chemo,7,1,1
imid+steroid+cd38+chemo,7,3,1
pi+steroid+cd38+chemo,6,2,1
imid+chemo,4,4,1
pi+imid+steroid+cd38+chemo,2,2,1
steroid+cd38+chemo,2,1,0
pi+imid+slamf7,1,1,0
pi+imid+cd38+slamf7,1,1,0
steroid+bcma,1,1,0
pi+steroid+slamf7,1,1,0
