task,group,metric,n_rows,n_patients,C_mean,D_mean,delta_D_minus_C,ci_lo,ci_hi,p_boot_two_sided,n_valid_bootstrap,better_when,role
binary,all,auprc,6939,596,0.5283602475,0.5331247096,0.004764462117,-0.001666614674,0.01089092025,0.1539230385,2000,higher,descriptive_or_sensitivity
binary,all,auroc,6939,596,0.7985156686,0.7963697395,-0.002145929086,-0.004151818895,7.407439289e-05,0.05497251374,2000,higher,descriptive_or_sensitivity
binary,all,logloss,6939,596,0.3864140398,0.3867763549,0.0003623151826,-0.000828403583,0.001443052983,0.5127436282,2000,lower,descriptive_or_sensitivity
binary,Q1_low_uncertainty,auprc,1734,312,0.06968263391,0.06680472983,-0.002877904087,-0.0145971094,0.02038783703,0.7206396802,2000,higher,descriptive_or_sensitivity
binary,Q1_low_uncertainty,auroc,1734,312,0.5810789382,0.5577231297,-0.02335580848,-0.05539645154,0.0118706351,0.1859070465,2000,higher,descriptive_or_sensitivity
binary,Q1_low_uncertainty,logloss,1734,312,0.2076773038,0.2088283699,0.001151066104,-0.0005292306615,0.002542208581,0.147926037,2000,lower,descriptive_or_sensitivity
binary,Q2,auprc,1735,365,0.08185424641,0.08518989534,0.003335648922,-0.005314076384,0.01330546364,0.4217891054,2000,higher,descriptive_or_sensitivity
binary,Q2,auroc,1735,365,0.496972493,0.5015037044,0.00453121146,-0.02244463543,0.0312020429,0.7046476762,2000,higher,descriptive_or_sensitivity
binary,Q2,logloss,1735,365,0.2789223976,0.279054178,0.0001317803959,-0.00131750525,0.001492709945,0.8825587206,2000,lower,descriptive_or_sensitivity
binary,Q3,auprc,1735,436,0.2999834619,0.290495122,-0.00948833991,-0.02190542626,0.003755285225,0.1609195402,2000,higher,descriptive_or_sensitivity
binary,Q3,auroc,1735,436,0.6016119156,0.5793178316,-0.02229408403,-0.03364347126,-0.0115574983,0.0009995002499,2000,higher,descriptive_or_sensitivity
binary,Q3,logloss,1735,436,0.4039614337,0.4068096554,0.002848221659,0.0008247106377,0.004807539655,0.007996001999,2000,lower,descriptive_or_sensitivity
binary,Q4_high_uncertainty,auprc,1735,489,0.6266278812,0.6366197455,0.009991864348,-0.0007484522535,0.02017204004,0.07396301849,2000,higher,primary_subgroup
binary,Q4_high_uncertainty,auroc,1735,489,0.6641487053,0.6659072089,0.001758503628,-0.003872267501,0.007561689305,0.5567216392,2000,higher,primary_subgroup
binary,Q4_high_uncertainty,logloss,1735,489,0.6549920056,0.6523106528,-0.002681352817,-0.005951784514,0.0004581849089,0.09795102449,2000,lower,primary_subgroup
binary,Q1_Q3_lower_uncertainty,auprc,5204,502,0.2128158422,0.208859676,-0.003956166261,-0.01134537216,0.003186103834,0.291854073,2000,higher,descriptive_or_sensitivity
binary,Q1_Q3_lower_uncertainty,auroc,5204,502,0.6496070966,0.6426684176,-0.006938679026,-0.01276001614,-0.0008204183618,0.0339830085,2000,higher,descriptive_or_sensitivity
binary,Q1_Q3_lower_uncertainty,logloss,5204,502,0.2968708478,0.298247914,0.001377066139,0.0004162474344,0.002312295139,0.01099450275,2000,lower,descriptive_or_sensitivity
binary,top20_uncertainty,auprc,1388,453,0.6277652439,0.632269127,0.004503883123,-0.006544792091,0.01570195155,0.4507746127,2000,higher,descriptive_or_sensitivity
binary,top20_uncertainty,auroc,1388,453,0.620602368,0.6233683352,0.002765967184,-0.005504817031,0.011257017,0.4977511244,2000,higher,descriptive_or_sensitivity
binary,top20_uncertainty,logloss,1388,453,0.6757560237,0.6736060661,-0.002149957598,-0.005813357599,0.001505660641,0.2388805597,2000,lower,descriptive_or_sensitivity
binary,bottom80_uncertainty,auprc,5551,540,0.2807822513,0.2813177345,0.0005354831211,-0.007091189637,0.007482190774,0.9655172414,2000,higher,descriptive_or_sensitivity
binary,bottom80_uncertainty,auroc,5551,540,0.6838194168,0.6780485876,-0.005770829228,-0.0105544959,-0.000917131893,0.027986007,2000,higher,descriptive_or_sensitivity
binary,bottom80_uncertainty,logloss,5551,540,0.3140655127,0.3150560092,0.0009904965227,-0.000129545805,0.002001754176,0.07596201899,2000,lower,descriptive_or_sensitivity
binary,top33_uncertainty,auprc,2313,531,0.616114694,0.6260434448,0.00992875082,-0.0001047065123,0.01933881629,0.05597201399,2000,higher,descriptive_or_sensitivity
binary,top33_uncertainty,auroc,2313,531,0.7231050097,0.7217879665,-0.00131704312,-0.005271806852,0.002592602596,0.5267366317,2000,higher,descriptive_or_sensitivity
binary,top33_uncertainty,logloss,2313,531,0.6021751165,0.6010088239,-0.001166292561,-0.004009378696,0.001532471333,0.4417791104,2000,lower,descriptive_or_sensitivity
binary,bottom67_uncertainty,auprc,4626,466,0.1647239711,0.1618091836,-0.002914787494,-0.01014398923,0.004658988788,0.4177911044,2000,higher,descriptive_or_sensitivity
binary,bottom67_uncertainty,auroc,4626,466,0.6240757057,0.6173532582,-0.006722447513,-0.01465261837,0.001699040397,0.1269365317,2000,higher,descriptive_or_sensitivity
binary,bottom67_uncertainty,logloss,4626,466,0.2785335014,0.2796601204,0.001126619054,0.0002248152576,0.001987083089,0.015992004,2000,lower,descriptive_or_sensitivity
multiclass,all,rps,7724,600,0.07778826347,0.07853984298,0.0007515795024,0.0002310248564,0.001328052025,0.003998001,2000,lower,descriptive_or_sensitivity
multiclass,all,logloss,7724,600,0.9138589484,0.9208228849,0.006963936462,0.002223460917,0.0119549185,0.003998001,2000,lower,descriptive_or_sensitivity
multiclass,Q1_low_uncertainty,rps,1931,307,0.04436098602,0.04513693813,0.0007759521135,-7.539154939e-05,0.001794287946,0.09395302349,2000,lower,descriptive_or_sensitivity
multiclass,Q1_low_uncertainty,logloss,1931,307,0.60961829,0.6168974507,0.007279160666,-0.0007497581423,0.01599208194,0.08395802099,2000,lower,descriptive_or_sensitivity
multiclass,Q2,rps,1931,397,0.06367951055,0.06438515332,0.0007056427645,-0.0001297584782,0.001547847441,0.107946027,2000,lower,descriptive_or_sensitivity
multiclass,Q2,logloss,1931,397,0.7624441795,0.7646181642,0.002173984672,-0.005436370579,0.009643591243,0.5747126437,2000,lower,descriptive_or_sensitivity
multiclass,Q3,rps,1931,478,0.09154068743,0.09146775537,-7.293206018e-05,-0.001039713687,0.0009865365599,0.8865567216,2000,lower,descriptive_or_sensitivity
multiclass,Q3,logloss,1931,478,1.026312584,1.029944728,0.003632144202,-0.004968526221,0.01212871154,0.3828085957,2000,lower,descriptive_or_sensitivity
multiclass,Q4_high_uncertainty,rps,1931,449,0.1115718699,0.1131695251,0.001597655192,0.0002374151021,0.003050557698,0.02498750625,2000,lower,primary_subgroup
multiclass,Q4_high_uncertainty,logloss,1931,449,1.25706074,1.271831196,0.01477045631,0.004317169458,0.02506655662,0.005997001499,2000,lower,primary_subgroup
multiclass,Q1_Q3_lower_uncertainty,rps,5793,552,0.06652706133,0.06699661561,0.0004695542726,-5.402703396e-05,0.001028803218,0.08095952024,2000,lower,descriptive_or_sensitivity
multiclass,Q1_Q3_lower_uncertainty,logloss,5793,552,0.7994583512,0.8038201143,0.00436176318,-0.0005969406464,0.009335350573,0.08895552224,2000,lower,descriptive_or_sensitivity
multiclass,top20_uncertainty,rps,1545,403,0.1160981448,0.117834474,0.001736329169,0.0003379363927,0.003248829044,0.02098950525,2000,lower,descriptive_or_sensitivity
multiclass,top20_uncertainty,logloss,1545,403,1.302905033,1.318259772,0.01535473943,0.003922465955,0.02647100376,0.009995002499,2000,lower,descriptive_or_sensitivity
multiclass,bottom80_uncertainty,rps,6179,570,0.06820924313,0.06871459538,0.0005053522432,-1.692254635e-05,0.00107098235,0.05997001499,2000,lower,descriptive_or_sensitivity
multiclass,bottom80_uncertainty,logloss,6179,570,0.8165816867,0.8214475829,0.00486589623,5.950426104e-05,0.009931181607,0.04797601199,2000,lower,descriptive_or_sensitivity
multiclass,top33_uncertainty,rps,2575,501,0.1077945108,0.1090220652,0.001227554458,0.000157068479,0.00235377315,0.02298850575,2000,lower,descriptive_or_sensitivity
multiclass,top33_uncertainty,logloss,2575,501,1.218307429,1.231721652,0.01341422321,0.004902182113,0.02239425833,0.00299850075,2000,lower,descriptive_or_sensitivity
multiclass,bottom67_uncertainty,rps,5149,520,0.06278222603,0.06329577183,0.0005135458048,-7.716260091e-05,0.001126838588,0.07696151924,2000,lower,descriptive_or_sensitivity
multiclass,bottom67_uncertainty,logloss,5149,520,0.7616051442,0.7653433109,0.003738166724,-0.001553743659,0.009079331297,0.1829085457,2000,lower,descriptive_or_sensitivity
