task,contrast,role,metric,delta_uncertain,delta_comparator,interaction_uncertain_minus_comparator,ci_lo,ci_hi,p_boot_two_sided,n_valid_bootstrap,better_when,interpret_sign,adjusted_p,adjustment_method,adjustment_family
binary,PRIMARY_Q4_vs_Q1_Q3,primary,auprc,0.009991864348,-0.003956166261,0.01394803061,0.001434395896,0.02668784348,0.0299850075,2000,higher,positive interaction favors greater RNA benefit in uncertain cases,0.05997001499,Holm,Direction1 primary interaction: binary AUPRC + multiclass RPS
binary,PRIMARY_Q4_vs_Q1_Q3,primary,auroc,0.001758503628,-0.006938679026,0.008697182653,0.0005214691302,0.01681022995,0.04397801099,2000,higher,positive interaction favors greater RNA benefit in uncertain cases,,none (secondary/descriptive),
binary,PRIMARY_Q4_vs_Q1_Q3,primary,logloss,-0.002681352817,0.001377066139,-0.004058418957,-0.00735960722,-0.0007667825988,0.01099450275,2000,lower,negative interaction favors greater RNA benefit in uncertain cases,,none (secondary/descriptive),
binary,SENS_top20_vs_bottom80,sensitivity,auprc,0.004503883123,0.0005354831211,0.003968400002,-0.008461403171,0.01794478574,0.5367316342,2000,higher,positive interaction favors greater RNA benefit in uncertain cases,,none (secondary/descriptive),
binary,SENS_top20_vs_bottom80,sensitivity,auroc,0.002765967184,-0.005770829228,0.008536796411,-0.0009470616224,0.01823528588,0.07796101949,2000,higher,positive interaction favors greater RNA benefit in uncertain cases,,none (secondary/descriptive),
binary,SENS_top20_vs_bottom80,sensitivity,logloss,-0.002149957598,0.0009904965227,-0.003140454121,-0.006885375985,0.0006371563004,0.09795102449,2000,lower,negative interaction favors greater RNA benefit in uncertain cases,,none (secondary/descriptive),
binary,SENS_top33_vs_bottom67,sensitivity,auprc,0.00992875082,-0.002914787494,0.01284353831,6.109465959e-05,0.02469521694,0.04997501249,2000,higher,positive interaction favors greater RNA benefit in uncertain cases,,none (secondary/descriptive),
binary,SENS_top33_vs_bottom67,sensitivity,auroc,-0.00131704312,-0.006722447513,0.005405404393,-0.003707548661,0.01428866742,0.267866067,2000,higher,positive interaction favors greater RNA benefit in uncertain cases,,none (secondary/descriptive),
binary,SENS_top33_vs_bottom67,sensitivity,logloss,-0.001166292561,0.001126619054,-0.002292911616,-0.005183562427,0.0006091100156,0.1059470265,2000,lower,negative interaction favors greater RNA benefit in uncertain cases,,none (secondary/descriptive),
multiclass,PRIMARY_Q4_vs_Q1_Q3,primary,rps,0.001597655192,0.0004695542726,0.001128100919,-0.0003499618673,0.002684551646,0.1419290355,2000,lower,negative interaction favors greater RNA benefit in uncertain cases,0.1419290355,Holm,Direction1 primary interaction: binary AUPRC + multiclass RPS
multiclass,PRIMARY_Q4_vs_Q1_Q3,primary,logloss,0.01477045631,0.00436176318,0.01040869313,-0.0006402261518,0.02138600729,0.06596701649,2000,lower,negative interaction favors greater RNA benefit in uncertain cases,,none (secondary/descriptive),
multiclass,SENS_top20_vs_bottom80,sensitivity,rps,0.001736329169,0.0005053522432,0.001230976926,-0.0003256434856,0.002838297294,0.1189405297,2000,lower,negative interaction favors greater RNA benefit in uncertain cases,,none (secondary/descriptive),
multiclass,SENS_top20_vs_bottom80,sensitivity,logloss,0.01535473943,0.00486589623,0.0104888432,-0.001070416207,0.02208152275,0.08695652174,2000,lower,negative interaction favors greater RNA benefit in uncertain cases,,none (secondary/descriptive),
multiclass,SENS_top33_vs_bottom67,sensitivity,rps,0.001227554458,0.0005135458048,0.0007140086528,-0.0005181505091,0.001933537343,0.2588705647,2000,lower,negative interaction favors greater RNA benefit in uncertain cases,,none (secondary/descriptive),
multiclass,SENS_top33_vs_bottom67,sensitivity,logloss,0.01341422321,0.003738166724,0.009676056487,-1.739664856e-06,0.01950172665,0.05197401299,2000,lower,negative interaction favors greater RNA benefit in uncertain cases,,none (secondary/descriptive),
