task,analysis,state,model,macro_f1_mean_over_repeats,n_rows,note
multiclass,primary,improving,C,0.58891602,1192,DESCRIPTIVE ONLY; not bootstrapped
multiclass,primary,improving,D,0.58707389,1192,DESCRIPTIVE ONLY; not bootstrapped
multiclass,primary,stable,C,0.70138508,5013,DESCRIPTIVE ONLY; not bootstrapped
multiclass,primary,stable,D,0.69751831,5013,DESCRIPTIVE ONLY; not bootstrapped
multiclass,primary,worsening,C,0.3563585,928,DESCRIPTIVE ONLY; not bootstrapped
multiclass,primary,worsening,D,0.35767623,928,DESCRIPTIVE ONLY; not bootstrapped
multiclass,primary,no_history,C,0.44133431,587,DESCRIPTIVE ONLY; not bootstrapped
multiclass,primary,no_history,D,0.4470339,587,DESCRIPTIVE ONLY; not bootstrapped
multiclass,gap_prev_le_180d,improving,C,0.58564109,1041,DESCRIPTIVE ONLY; not bootstrapped
multiclass,gap_prev_le_180d,improving,D,0.58284762,1041,DESCRIPTIVE ONLY; not bootstrapped
multiclass,gap_prev_le_180d,stable,C,0.69887718,4418,DESCRIPTIVE ONLY; not bootstrapped
multiclass,gap_prev_le_180d,stable,D,0.69474142,4418,DESCRIPTIVE ONLY; not bootstrapped
multiclass,gap_prev_le_180d,worsening,C,0.35403312,785,DESCRIPTIVE ONLY; not bootstrapped
multiclass,gap_prev_le_180d,worsening,D,0.35701888,785,DESCRIPTIVE ONLY; not bootstrapped
multiclass,exclude_vt_PD,improving,C,0.58891602,1192,DESCRIPTIVE ONLY; not bootstrapped
multiclass,exclude_vt_PD,improving,D,0.58707389,1192,DESCRIPTIVE ONLY; not bootstrapped
multiclass,exclude_vt_PD,stable,C,0.68791238,4750,DESCRIPTIVE ONLY; not bootstrapped
multiclass,exclude_vt_PD,stable,D,0.68448002,4750,DESCRIPTIVE ONLY; not bootstrapped
multiclass,exclude_vt_PD,worsening,C,0.39296262,420,DESCRIPTIVE ONLY; not bootstrapped
multiclass,exclude_vt_PD,worsening,D,0.39116212,420,DESCRIPTIVE ONLY; not bootstrapped
