pathway,family,n_pairs,mean_delta,d_z,p_signflip,q_bh,p_maxT,sign_S1_p50,sign_S1_p90,sign_S2,sign_S3,consistent_direction_S1_S2_S3,robust_flag_q_lt_0.05_and_consistent
Adipogenesis,ordinal,120,0.019176402,0.013694953,0.88071193,0.99570043,1,-1,-1,1,1,False,False
Allograft Rejection,ordinal,120,-0.06625957,-0.053186797,0.55494451,0.9074899,1,-1,-1,-1,1,False,False
Androgen Response,ordinal,120,-0.12802575,-0.089970525,0.31726827,0.71297218,1,-1,-1,-1,-1,True,False
Angiogenesis,ordinal,120,-0.1174251,-0.09225144,0.31006899,0.71297218,0.99950005,-1,-1,-1,1,False,False
Apical Junction,ordinal,120,-0.040003739,-0.029144602,0.74452555,0.95451993,1,-1,-1,1,-1,False,False
Apical Surface,ordinal,120,-0.12420643,-0.089199009,0.3279672,0.71297218,1,-1,-1,-1,-1,True,False
Apoptosis,ordinal,120,-0.052504012,-0.041542992,0.64363564,0.91947948,1,-1,-1,1,1,False,False
Bile Acid Metabolism,ordinal,120,-0.074829431,-0.053014737,0.56264374,0.9074899,1,-1,-1,-1,-1,True,False
Cholesterol Homeostasis,ordinal,120,-0.12627242,-0.095588012,0.29747025,0.71297218,0.99860014,-1,-1,-1,-1,True,False
Coagulation,ordinal,120,0.0081087351,0.0062322799,0.94570543,0.99570043,1,-1,-1,1,1,False,False
Complement,ordinal,120,0.017779666,0.013148054,0.88591141,0.99570043,1,-1,-1,1,1,False,False
DNA Repair,ordinal,120,-0.17265326,-0.13395227,0.139986,0.4896177,0.93430657,-1,-1,-1,-1,True,False
E2F Targets,ordinal,120,-0.32406899,-0.25316331,0.0062993701,0.1049895,0.14578542,-1,-1,-1,-1,True,False
Epithelial Mesenchymal Transition,ordinal,120,-0.074338959,-0.058743439,0.51684832,0.89111778,1,-1,-1,-1,-1,True,False
Estrogen Response Early,ordinal,120,-0.11994766,-0.09108292,0.31916808,0.71297218,0.99970003,-1,-1,-1,-1,True,False
Estrogen Response Late,ordinal,120,-0.18184243,-0.13130741,0.15718428,0.49120088,0.94450555,-1,-1,-1,-1,True,False
Fatty Acid Metabolism,ordinal,120,-0.053646911,-0.043515423,0.63543646,0.91947948,1,-1,-1,-1,-1,True,False
G2-M Checkpoint,ordinal,120,-0.34165903,-0.26229832,0.00419958,0.1049895,0.11438856,-1,-1,-1,-1,True,False
Glycolysis,ordinal,120,-0.26757753,-0.17935999,0.050794921,0.3249675,0.62883712,-1,-1,-1,-1,True,False
Hedgehog Signaling,ordinal,120,-0.21332911,-0.14973801,0.10188981,0.40918985,0.85561444,-1,-1,-1,-1,True,False
Hypoxia,ordinal,120,-0.075286664,-0.059224381,0.51134887,0.89111778,1,-1,-1,-1,1,False,False
IL-2/STAT5 Signaling,ordinal,120,-0.080662566,-0.062453557,0.49465053,0.89111778,1,-1,-1,-1,1,False,False
IL-6/JAK/STAT3 Signaling,ordinal,120,-0.015252365,-0.012222541,0.89021098,0.99570043,1,-1,-1,1,1,False,False
Inflammatory Response,ordinal,120,0.0048982177,0.0037954816,0.96660334,0.99570043,1,-1,-1,1,1,False,False
Interferon Alpha Response,ordinal,120,-0.035194112,-0.027319715,0.76422358,0.95527947,1,-1,1,-1,1,False,False
Interferon Gamma Response,ordinal,120,-0.040785341,-0.030943758,0.73362664,0.95451993,1,-1,-1,1,1,False,False
KRAS Signaling Dn,ordinal,120,-0.20558477,-0.16965002,0.069093091,0.3838505,0.71392861,-1,-1,-1,-1,True,False
KRAS Signaling Up,ordinal,120,-0.093754289,-0.072047684,0.42785721,0.85571443,1,-1,-1,-1,-1,True,False
Mitotic Spindle,ordinal,120,-0.2124654,-0.15257186,0.099590041,0.40918985,0.83841616,-1,-1,-1,-1,True,False
Myc Targets V1,ordinal,120,-0.23836952,-0.19213831,0.03629637,0.3249675,0.52374763,-1,-1,-1,-1,True,False
Myc Targets V2,ordinal,120,-0.24923667,-0.20360917,0.02809719,0.3249675,0.429957,-1,-1,-1,-1,True,False
Myogenesis,ordinal,120,-0.12459969,-0.0975367,0.28267173,0.71297218,0.99810019,-1,-1,-1,-1,True,False
Notch Signaling,ordinal,120,0.091545461,0.066054883,0.47015298,0.89111778,1,1,1,1,1,True,False
Oxidative Phosphorylation,ordinal,120,-0.16485723,-0.13157339,0.14688531,0.4896177,0.94340566,-1,-1,-1,-1,True,False
PI3K/AKT/mTOR  Signaling,ordinal,120,-0.27326957,-0.17930235,0.051994801,0.3249675,0.62953705,-1,-1,-1,-1,True,False
Pancreas Beta Cells,ordinal,120,-0.10926349,-0.081455942,0.37386261,0.77888045,1,-1,-1,-1,-1,True,False
Pperoxisome,ordinal,120,-0.20884285,-0.14660701,0.10638936,0.40918985,0.87441256,-1,-1,-1,-1,True,False
Protein Secretion,ordinal,120,0.048031825,0.035510884,0.6990301,0.94463527,1,-1,1,1,-1,False,False
Reactive Oxygen Species Pathway,ordinal,120,-0.065317395,-0.044859822,0.62573743,0.91947948,1,-1,-1,1,-1,False,False
Spermatogenesis,ordinal,120,-0.36626534,-0.27098007,0.00329967,0.1049895,0.089391061,-1,-1,-1,-1,True,False
TGF-beta Signaling,ordinal,120,0.00069774969,0.00052846063,0.99570043,0.99570043,1,-1,-1,1,-1,False,False
TNF-alpha Signaling via NF-kB,ordinal,120,0.01355312,0.010788017,0.90550945,0.99570043,1,-1,1,1,1,False,False
UV Response Dn,ordinal,120,-0.0026132552,-0.0018611686,0.98180182,0.99570043,1,-1,-1,1,1,False,False
UV Response Up,ordinal,120,-0.23932148,-0.18812084,0.04089591,0.3249675,0.55724428,-1,-1,-1,-1,True,False
Unfolded Protein Response,ordinal,120,-0.046940047,-0.03510022,0.69383062,0.94463527,1,-1,-1,-1,-1,True,False
Wnt-beta Catenin Signaling,ordinal,120,-0.0076698105,-0.0065342339,0.94190581,0.99570043,1,-1,1,-1,-1,False,False
Xenobiotic Metabolism,ordinal,120,-0.0080221255,-0.0062828649,0.94530547,0.99570043,1,-1,-1,1,-1,False,False
heme Metabolism,ordinal,120,0.12604232,0.090003293,0.32676732,0.71297218,1,1,1,1,1,True,False
mTORC1 Signaling,ordinal,120,-0.211914,-0.14809713,0.10578942,0.40918985,0.86551345,-1,-1,-1,-1,True,False
p53 Pathway,ordinal,120,-0.0584849,-0.046964572,0.59934007,0.91947948,1,-1,-1,1,1,False,False
Adipogenesis,binary,63,0.28633009,0.20234831,0.11338866,0.79632037,0.88711129,1,1,1,-1,False,False
Allograft Rejection,binary,63,0.00050588002,0.00038239776,0.99750025,0.99750025,1,1,1,1,1,True,False
Androgen Response,binary,63,-0.022878353,-0.014898824,0.90540946,0.94313485,1,-1,-1,-1,1,False,False
Angiogenesis,binary,63,0.086014294,0.064118232,0.61873813,0.82279272,1,1,1,1,-1,False,False
Apical Junction,binary,63,0.26816531,0.19702396,0.1219878,0.79632037,0.90490951,1,1,1,-1,False,False
Apical Surface,binary,63,0.22045341,0.14952263,0.23947605,0.79632037,0.99480052,1,1,1,1,True,False
Apoptosis,binary,63,0.13047618,0.094729075,0.45155484,0.80371273,1,1,1,1,-1,False,False
Bile Acid Metabolism,binary,63,0.29480036,0.21803389,0.087091291,0.79632037,0.82161784,1,1,1,-1,False,False
Cholesterol Homeostasis,binary,63,0.15549822,0.11618245,0.35356464,0.79632037,0.99980002,1,1,1,1,True,False
Coagulation,binary,63,0.26137515,0.19806534,0.12188781,0.79632037,0.90160984,1,1,1,1,True,False
Complement,binary,63,0.15292563,0.10870623,0.38846115,0.79632037,1,1,1,1,1,True,False
DNA Repair,binary,63,-0.095010933,-0.084242651,0.49975002,0.80604843,1,-1,-1,-1,-1,True,False
E2F Targets,binary,63,-0.18417832,-0.16385647,0.19248075,0.79632037,0.9820018,-1,-1,-1,-1,True,False
Epithelial Mesenchymal Transition,binary,63,0.24401991,0.17892545,0.16328367,0.79632037,0.95730427,1,1,1,-1,False,False
Estrogen Response Early,binary,63,0.042459767,0.032445881,0.7980202,0.88404203,1,1,1,1,1,True,False
Estrogen Response Late,binary,63,0.12472103,0.094668203,0.45355464,0.80371273,1,1,1,1,1,True,False
Fatty Acid Metabolism,binary,63,0.078284168,0.061417299,0.62773723,0.82279272,1,1,1,1,1,True,False
G2-M Checkpoint,binary,63,-0.12615963,-0.11183589,0.36926307,0.79632037,1,-1,-1,-1,-1,True,False
Glycolysis,binary,63,0.079291878,0.058312298,0.63923608,0.82279272,1,1,-1,-1,-1,False,False
Hedgehog Signaling,binary,63,0.16977588,0.1339456,0.28927107,0.79632037,0.99880012,1,1,1,-1,False,False
Hypoxia,binary,63,0.17664771,0.13478289,0.29277072,0.79632037,0.99870013,1,1,1,1,True,False
IL-2/STAT5 Signaling,binary,63,0.087098934,0.06545362,0.60163984,0.82279272,1,1,1,1,1,True,False
IL-6/JAK/STAT3 Signaling,binary,63,0.17097686,0.13739178,0.2809719,0.79632037,0.99860014,1,1,1,1,True,False
Inflammatory Response,binary,63,0.21770543,0.15666948,0.22007799,0.79632037,0.98980102,1,1,1,1,True,False
Interferon Alpha Response,binary,63,-0.061166251,-0.047896504,0.70112989,0.83598783,1,-1,1,-1,-1,False,False
Interferon Gamma Response,binary,63,-0.027716757,-0.020692616,0.86721328,0.92256732,1,-1,1,-1,1,False,False
KRAS Signaling Dn,binary,63,0.15182212,0.1217476,0.33746625,0.79632037,0.99980002,1,1,1,-1,False,False
KRAS Signaling Up,binary,63,0.16786753,0.12353629,0.33486651,0.79632037,0.99980002,1,1,1,1,True,False
Mitotic Spindle,binary,63,0.1042212,0.087170817,0.49565043,0.80604843,1,1,1,1,-1,False,False
Myc Targets V1,binary,63,-0.17551442,-0.14924756,0.23987601,0.79632037,0.99510049,-1,-1,-1,-1,True,False
Myc Targets V2,binary,63,-0.076658263,-0.056464252,0.65823418,0.82279272,1,-1,-1,-1,-1,True,False
Myogenesis,binary,63,0.27478644,0.20097004,0.11688831,0.79632037,0.89241076,1,1,1,-1,False,False
Notch Signaling,binary,63,0.15347806,0.10606276,0.39816018,0.79632037,1,1,1,1,-1,False,False
Oxidative Phosphorylation,binary,63,-0.21133089,-0.1615279,0.20747925,0.79632037,0.98530147,-1,-1,-1,1,False,False
PI3K/AKT/mTOR  Signaling,binary,63,0.044106744,0.029174838,0.81331867,0.88404203,1,-1,1,1,-1,False,False
Pancreas Beta Cells,binary,63,0.10792512,0.082287625,0.52234777,0.81616838,1,1,1,1,-1,False,False
Pperoxisome,binary,63,0.0037471234,0.0030459074,0.98120188,0.99750025,1,1,-1,-1,-1,False,False
Protein Secretion,binary,63,0.087918074,0.058952234,0.64523548,0.82279272,1,1,-1,-1,-1,False,False
Reactive Oxygen Species Pathway,binary,63,0.05812937,0.040626777,0.75062494,0.85298288,1,1,1,1,-1,False,False
Spermatogenesis,binary,63,-0.097118951,-0.076281142,0.55254475,0.82279272,1,-1,-1,-1,-1,True,False
TGF-beta Signaling,binary,63,0.18656153,0.1317968,0.29787021,0.79632037,0.9990001,1,1,1,1,True,False
TNF-alpha Signaling via NF-kB,binary,63,0.16602681,0.11835074,0.34946505,0.79632037,0.99980002,1,1,1,1,True,False
UV Response Dn,binary,63,0.2406529,0.17227282,0.17878212,0.79632037,0.96930307,1,1,1,-1,False,False
UV Response Up,binary,63,0.23083299,0.17271355,0.17228277,0.79632037,0.96860314,1,1,1,-1,False,False
Unfolded Protein Response,binary,63,0.14169195,0.10146187,0.42585741,0.80371273,1,1,1,1,1,True,False
Wnt-beta Catenin Signaling,binary,63,0.08405895,0.05689279,0.65683432,0.82279272,1,1,1,-1,-1,False,False
Xenobiotic Metabolism,binary,63,0.18275995,0.13749237,0.2819718,0.79632037,0.99850015,1,1,1,-1,False,False
heme Metabolism,binary,63,0.15588979,0.095975496,0.46615338,0.80371273,1,1,1,1,1,True,False
mTORC1 Signaling,binary,63,-0.056622942,-0.047955447,0.70222978,0.83598783,1,-1,-1,1,1,False,False
p53 Pathway,binary,63,0.059649099,0.044321293,0.71982802,0.83700932,1,-1,1,1,1,False,False
