family,family_role,analysis,analysis_role,covariate_set,pathway,estimate,se_robust,p_wald_robust,ci_lo,ci_hi,odds_ratio_per_SD,method_used,status,n_rows,n_patients,extracted_param_name,extracted_param_index,q_bh
ordinal,PRIMARY,S3_adjusted,sensitivity,S3,Adipogenesis,0.0066513529,0.026921262,0.80485644,-0.046113351,0.059416056,1.0066735,OrdinalGEE_cumulative_logit_independence_robust,ok,7559,532,pathway_z,5,0.87484396
ordinal,PRIMARY,S3_adjusted,sensitivity,S3,Allograft Rejection,0.022363775,0.025382558,0.37828069,-0.027385125,0.072112675,1.0226157,OrdinalGEE_cumulative_logit_independence_robust,ok,7559,532,pathway_z,5,0.75656139
ordinal,PRIMARY,S3_adjusted,sensitivity,S3,Androgen Response,-0.0049411332,0.026784661,0.85363987,-0.057438104,0.047555838,0.99507105,OrdinalGEE_cumulative_logit_independence_robust,ok,7559,532,pathway_z,5,0.90812753
ordinal,PRIMARY,S3_adjusted,sensitivity,S3,Angiogenesis,0.0026539076,0.027775289,0.92387858,-0.051784659,0.057092474,1.0026574,OrdinalGEE_cumulative_logit_independence_robust,ok,7559,532,pathway_z,5,0.92387858
ordinal,PRIMARY,S3_adjusted,sensitivity,S3,Apical Junction,-0.0066489468,0.026724382,0.80351779,-0.059027773,0.04572988,0.99337311,OrdinalGEE_cumulative_logit_independence_robust,ok,7559,532,pathway_z,5,0.87484396
ordinal,PRIMARY,S3_adjusted,sensitivity,S3,Apical Surface,-0.024377693,0.02492436,0.32804122,-0.073228541,0.024473155,0.97591704,OrdinalGEE_cumulative_logit_independence_robust,ok,7559,532,pathway_z,5,0.70321918
ordinal,PRIMARY,S3_adjusted,sensitivity,S3,Apoptosis,0.010033799,0.024984364,0.68797611,-0.038934655,0.059002253,1.0100843,OrdinalGEE_cumulative_logit_independence_robust,ok,7559,532,pathway_z,5,0.87484396
ordinal,PRIMARY,S3_adjusted,sensitivity,S3,Bile Acid Metabolism,-0.054020135,0.027701306,0.051164983,-0.1083137,0.000273427,0.94741303,OrdinalGEE_cumulative_logit_independence_robust,ok,7559,532,pathway_z,5,0.16515587
ordinal,PRIMARY,S3_adjusted,sensitivity,S3,Cholesterol Homeostasis,-0.010004117,0.026403827,0.70477036,-0.061754666,0.041746432,0.99004576,OrdinalGEE_cumulative_logit_independence_robust,ok,7559,532,pathway_z,5,0.87484396
ordinal,PRIMARY,S3_adjusted,sensitivity,S3,Coagulation,0.0030456614,0.025459238,0.9047771,-0.046853528,0.052944851,1.0030503,OrdinalGEE_cumulative_logit_independence_robust,ok,7559,532,pathway_z,5,0.92324194
ordinal,PRIMARY,S3_adjusted,sensitivity,S3,Complement,0.0098606063,0.025014011,0.69343093,-0.039165953,0.058887166,1.0099094,OrdinalGEE_cumulative_logit_independence_robust,ok,7559,532,pathway_z,5,0.87484396
ordinal,PRIMARY,S3_adjusted,sensitivity,S3,DNA Repair,-0.17665264,0.035746879,7.741886e-07,-0.24671524,-0.10659005,0.83807084,OrdinalGEE_cumulative_logit_independence_robust,ok,7559,532,pathway_z,5,5.5299186e-06
ordinal,PRIMARY,S3_adjusted,sensitivity,S3,E2F Targets,-0.25366089,0.0334699,3.4882909e-14,-0.31926069,-0.18806109,0.77595489,OrdinalGEE_cumulative_logit_independence_robust,ok,7559,532,pathway_z,5,1.7441455e-12
ordinal,PRIMARY,S3_adjusted,sensitivity,S3,Epithelial Mesenchymal Transition,-0.017248696,0.02686619,0.52085865,-0.069905461,0.035408069,0.98289921,OrdinalGEE_cumulative_logit_independence_robust,ok,7559,532,pathway_z,5,0.83396985
ordinal,PRIMARY,S3_adjusted,sensitivity,S3,Estrogen Response Early,-0.013676553,0.026996596,0.61243349,-0.066588908,0.039235802,0.98641655,OrdinalGEE_cumulative_logit_independence_robust,ok,7559,532,pathway_z,5,0.87484396
ordinal,PRIMARY,S3_adjusted,sensitivity,S3,Estrogen Response Late,-0.049688218,0.025663473,0.052849877,-0.0999877,0.00061126379,0.95152605,OrdinalGEE_cumulative_logit_independence_robust,ok,7559,532,pathway_z,5,0.16515587
ordinal,PRIMARY,S3_adjusted,sensitivity,S3,Fatty Acid Metabolism,-0.019991289,0.029920463,0.50403931,-0.078634319,0.038651741,0.98020721,OrdinalGEE_cumulative_logit_independence_robust,ok,7559,532,pathway_z,5,0.83396985
ordinal,PRIMARY,S3_adjusted,sensitivity,S3,G2-M Checkpoint,-0.23679126,0.032380865,2.6184459e-13,-0.30025659,-0.17332593,0.789156,OrdinalGEE_cumulative_logit_independence_robust,ok,7559,532,pathway_z,5,6.5461148e-12
ordinal,PRIMARY,S3_adjusted,sensitivity,S3,Glycolysis,-0.099078588,0.027896515,0.0003828273,-0.15375475,-0.044402424,0.90567153,OrdinalGEE_cumulative_logit_independence_robust,ok,7559,532,pathway_z,5,0.0019141365
ordinal,PRIMARY,S3_adjusted,sensitivity,S3,Hedgehog Signaling,-0.054766087,0.027441445,0.045961844,-0.10855033,-0.00098184297,0.94670657,OrdinalGEE_cumulative_logit_independence_robust,ok,7559,532,pathway_z,5,0.16414944
ordinal,PRIMARY,S3_adjusted,sensitivity,S3,Hypoxia,0.0078713586,0.029143603,0.787092,-0.049249054,0.064991771,1.0079024,OrdinalGEE_cumulative_logit_independence_robust,ok,7559,532,pathway_z,5,0.87484396
ordinal,PRIMARY,S3_adjusted,sensitivity,S3,IL-2/STAT5 Signaling,0.0086301278,0.025514571,0.73517999,-0.041377512,0.058637767,1.0086675,OrdinalGEE_cumulative_logit_independence_robust,ok,7559,532,pathway_z,5,0.87484396
ordinal,PRIMARY,S3_adjusted,sensitivity,S3,IL-6/JAK/STAT3 Signaling,0.024163978,0.025196352,0.3375452,-0.025219963,0.07354792,1.0244583,OrdinalGEE_cumulative_logit_independence_robust,ok,7559,532,pathway_z,5,0.70321918
ordinal,PRIMARY,S3_adjusted,sensitivity,S3,Inflammatory Response,0.03445867,0.025793116,0.1815611,-0.016094909,0.085012248,1.0350592,OrdinalGEE_cumulative_logit_independence_robust,ok,7559,532,pathway_z,5,0.47072012
ordinal,PRIMARY,S3_adjusted,sensitivity,S3,Interferon Alpha Response,0.017815795,0.026894999,0.50770185,-0.034897434,0.070529025,1.0179754,OrdinalGEE_cumulative_logit_independence_robust,ok,7559,532,pathway_z,5,0.83396985
ordinal,PRIMARY,S3_adjusted,sensitivity,S3,Interferon Gamma Response,0.026193276,0.02559587,0.30614714,-0.023973707,0.07636026,1.0265393,OrdinalGEE_cumulative_logit_independence_robust,ok,7559,532,pathway_z,5,0.69578896
ordinal,PRIMARY,S3_adjusted,sensitivity,S3,KRAS Signaling Dn,-0.075074343,0.029843937,0.011884198,-0.13356738,-0.016581302,0.92767452,OrdinalGEE_cumulative_logit_independence_robust,ok,7559,532,pathway_z,5,0.04951749
ordinal,PRIMARY,S3_adjusted,sensitivity,S3,KRAS Signaling Up,-0.014072742,0.025844587,0.58608775,-0.064727201,0.036581718,0.98602582,OrdinalGEE_cumulative_logit_independence_robust,ok,7559,532,pathway_z,5,0.86189375
ordinal,PRIMARY,S3_adjusted,sensitivity,S3,Mitotic Spindle,-0.18188201,0.028217986,1.1513976e-10,-0.23718824,-0.12657577,0.8336997,OrdinalGEE_cumulative_logit_independence_robust,ok,7559,532,pathway_z,5,1.439247e-09
ordinal,PRIMARY,S3_adjusted,sensitivity,S3,Myc Targets V1,-0.23466488,0.034602732,1.1878083e-11,-0.30248499,-0.16684478,0.79083583,OrdinalGEE_cumulative_logit_independence_robust,ok,7559,532,pathway_z,5,1.9796805e-10
ordinal,PRIMARY,S3_adjusted,sensitivity,S3,Myc Targets V2,-0.14681241,0.029434165,6.1063446e-07,-0.20450231,-0.089122503,0.86345594,OrdinalGEE_cumulative_logit_independence_robust,ok,7559,532,pathway_z,5,5.5299186e-06
ordinal,PRIMARY,S3_adjusted,sensitivity,S3,Myogenesis,-0.016045509,0.027829742,0.5642369,-0.0705908,0.038499782,0.98408253,OrdinalGEE_cumulative_logit_independence_robust,ok,7559,532,pathway_z,5,0.85490439
ordinal,PRIMARY,S3_adjusted,sensitivity,S3,Notch Signaling,0.045847402,0.025400832,0.071081461,-0.0039373144,0.095632117,1.0469146,OrdinalGEE_cumulative_logit_independence_robust,ok,7559,532,pathway_z,5,0.20906312
ordinal,PRIMARY,S3_adjusted,sensitivity,S3,Oxidative Phosphorylation,-0.036585093,0.031942154,0.25206229,-0.099190564,0.026020378,0.96407605,OrdinalGEE_cumulative_logit_independence_robust,ok,7559,532,pathway_z,5,0.60014832
ordinal,PRIMARY,S3_adjusted,sensitivity,S3,PI3K/AKT/mTOR  Signaling,-0.07313177,0.028569601,0.010473973,-0.12912716,-0.017136382,0.92947834,OrdinalGEE_cumulative_logit_independence_robust,ok,7559,532,pathway_z,5,0.047608969
ordinal,PRIMARY,S3_adjusted,sensitivity,S3,Pancreas Beta Cells,-0.033962122,0.025813745,0.18828805,-0.084556133,0.016631888,0.96660812,OrdinalGEE_cumulative_logit_independence_robust,ok,7559,532,pathway_z,5,0.47072012
ordinal,PRIMARY,S3_adjusted,sensitivity,S3,Pperoxisome,-0.11238461,0.029501359,0.00013926376,-0.17020621,-0.054563005,0.89370047,OrdinalGEE_cumulative_logit_independence_robust,ok,7559,532,pathway_z,5,0.00087039853
ordinal,PRIMARY,S3_adjusted,sensitivity,S3,Protein Secretion,-0.02193475,0.02780546,0.43019101,-0.07643245,0.032562951,0.97830407,OrdinalGEE_cumulative_logit_independence_robust,ok,7559,532,pathway_z,5,0.82729041
ordinal,PRIMARY,S3_adjusted,sensitivity,S3,Reactive Oxygen Species Pathway,-0.0080023619,0.026213659,0.76015708,-0.059380189,0.043375465,0.99202957,OrdinalGEE_cumulative_logit_independence_robust,ok,7559,532,pathway_z,5,0.87484396
ordinal,PRIMARY,S3_adjusted,sensitivity,S3,Spermatogenesis,-0.14762978,0.029734967,6.8752618e-07,-0.20590925,-0.089350318,0.86275046,OrdinalGEE_cumulative_logit_independence_robust,ok,7559,532,pathway_z,5,5.5299186e-06
ordinal,PRIMARY,S3_adjusted,sensitivity,S3,TGF-beta Signaling,-0.0097019633,0.032356307,0.76429335,-0.073119159,0.053715232,0.99034495,OrdinalGEE_cumulative_logit_independence_robust,ok,7559,532,pathway_z,5,0.87484396
ordinal,PRIMARY,S3_adjusted,sensitivity,S3,TNF-alpha Signaling via NF-kB,0.047769227,0.027203882,0.079093374,-0.0055494033,0.10108786,1.0489286,OrdinalGEE_cumulative_logit_independence_robust,ok,7559,532,pathway_z,5,0.21970382
ordinal,PRIMARY,S3_adjusted,sensitivity,S3,UV Response Dn,0.0079131507,0.027404293,0.7727682,-0.045798278,0.061624579,1.0079445,OrdinalGEE_cumulative_logit_independence_robust,ok,7559,532,pathway_z,5,0.87484396
ordinal,PRIMARY,S3_adjusted,sensitivity,S3,UV Response Up,-0.017434695,0.028016275,0.5337407,-0.072345585,0.037476195,0.98271641,OrdinalGEE_cumulative_logit_independence_robust,ok,7559,532,pathway_z,5,0.83396985
ordinal,PRIMARY,S3_adjusted,sensitivity,S3,Unfolded Protein Response,-0.074737326,0.031010809,0.015950722,-0.13551739,-0.013957257,0.92798721,OrdinalGEE_cumulative_logit_independence_robust,ok,7559,532,pathway_z,5,0.06134893
ordinal,PRIMARY,S3_adjusted,sensitivity,S3,Wnt-beta Catenin Signaling,-0.019679051,0.026931375,0.46495572,-0.072463577,0.033105475,0.98051332,OrdinalGEE_cumulative_logit_independence_robust,ok,7559,532,pathway_z,5,0.83027808
ordinal,PRIMARY,S3_adjusted,sensitivity,S3,Xenobiotic Metabolism,-0.0098051332,0.024537017,0.68944692,-0.057896803,0.038286537,0.99024278,OrdinalGEE_cumulative_logit_independence_robust,ok,7559,532,pathway_z,5,0.87484396
ordinal,PRIMARY,S3_adjusted,sensitivity,S3,heme Metabolism,0.018952984,0.024973243,0.44789347,-0.029993674,0.067899641,1.0191337,OrdinalGEE_cumulative_logit_independence_robust,ok,7559,532,pathway_z,5,0.82943235
ordinal,PRIMARY,S3_adjusted,sensitivity,S3,mTORC1 Signaling,-0.10656276,0.029807778,0.00035022995,-0.16498493,-0.04814059,0.89891863,OrdinalGEE_cumulative_logit_independence_robust,ok,7559,532,pathway_z,5,0.0019141365
ordinal,PRIMARY,S3_adjusted,sensitivity,S3,p53 Pathway,0.0036543757,0.028396882,0.89760348,-0.052002491,0.059311243,1.0036611,OrdinalGEE_cumulative_logit_independence_robust,ok,7559,532,pathway_z,5,0.92324194
ordinal,PRIMARY,S5_adjusted_plus_purity,sensitivity,S5,Adipogenesis,-0.012111458,0.02874241,0.67347809,-0.068445546,0.04422263,0.98796159,OrdinalGEE_cumulative_logit_independence_robust,ok,7443,525,pathway_z,5,0.77884056
ordinal,PRIMARY,S5_adjusted_plus_purity,sensitivity,S5,Allograft Rejection,0.0064851666,0.02748658,0.81347971,-0.04738754,0.060357873,1.0065062,OrdinalGEE_cumulative_logit_independence_robust,ok,7443,525,pathway_z,5,0.86540394
ordinal,PRIMARY,S5_adjusted_plus_purity,sensitivity,S5,Androgen Response,-0.01785245,0.02715912,0.51097005,-0.071083346,0.035378447,0.98230596,OrdinalGEE_cumulative_logit_independence_robust,ok,7443,525,pathway_z,5,0.70968062
ordinal,PRIMARY,S5_adjusted_plus_purity,sensitivity,S5,Angiogenesis,-0.011517299,0.028464073,0.68575257,-0.067305856,0.044271258,0.98854877,OrdinalGEE_cumulative_logit_independence_robust,ok,7443,525,pathway_z,5,0.77884056
ordinal,PRIMARY,S5_adjusted_plus_purity,sensitivity,S5,Apical Junction,-0.027100391,0.028364806,0.33936377,-0.082694388,0.028493607,0.97326353,OrdinalGEE_cumulative_logit_independence_robust,ok,7443,525,pathway_z,5,0.51418754
ordinal,PRIMARY,S5_adjusted_plus_purity,sensitivity,S5,Apical Surface,-0.037616978,0.025710691,0.14344358,-0.088009007,0.012775051,0.96308175,OrdinalGEE_cumulative_logit_independence_robust,ok,7443,525,pathway_z,5,0.35860894
ordinal,PRIMARY,S5_adjusted_plus_purity,sensitivity,S5,Apoptosis,-0.0083423371,0.026592746,0.7537434,-0.060463162,0.043778488,0.99169236,OrdinalGEE_cumulative_logit_independence_robust,ok,7443,525,pathway_z,5,0.8192863
ordinal,PRIMARY,S5_adjusted_plus_purity,sensitivity,S5,Bile Acid Metabolism,-0.075573384,0.028789478,0.0086640092,-0.13199972,-0.019147044,0.92721169,OrdinalGEE_cumulative_logit_independence_robust,ok,7443,525,pathway_z,5,0.033323112
ordinal,PRIMARY,S5_adjusted_plus_purity,sensitivity,S5,Cholesterol Homeostasis,-0.030514739,0.027503034,0.26721261,-0.084419694,0.023390216,0.96994614,OrdinalGEE_cumulative_logit_independence_robust,ok,7443,525,pathway_z,5,0.45901273
ordinal,PRIMARY,S5_adjusted_plus_purity,sensitivity,S5,Coagulation,-0.018330468,0.027059305,0.4981406,-0.071365732,0.034704795,0.98183651,OrdinalGEE_cumulative_logit_independence_robust,ok,7443,525,pathway_z,5,0.70968062
ordinal,PRIMARY,S5_adjusted_plus_purity,sensitivity,S5,Complement,-0.011758692,0.027069469,0.66400566,-0.064813875,0.041296492,0.98831017,OrdinalGEE_cumulative_logit_independence_robust,ok,7443,525,pathway_z,5,0.77884056
ordinal,PRIMARY,S5_adjusted_plus_purity,sensitivity,S5,DNA Repair,-0.17633509,0.03609413,1.0320706e-06,-0.24707829,-0.1055919,0.83833702,OrdinalGEE_cumulative_logit_independence_robust,ok,7443,525,pathway_z,5,8.6005881e-06
ordinal,PRIMARY,S5_adjusted_plus_purity,sensitivity,S5,E2F Targets,-0.25378525,0.034796592,3.0224279e-13,-0.32198532,-0.18558518,0.7758584,OrdinalGEE_cumulative_logit_independence_robust,ok,7443,525,pathway_z,5,1.5112139e-11
ordinal,PRIMARY,S5_adjusted_plus_purity,sensitivity,S5,Epithelial Mesenchymal Transition,-0.034442736,0.028044918,0.21939911,-0.089409765,0.020524294,0.96614366,OrdinalGEE_cumulative_logit_independence_robust,ok,7443,525,pathway_z,5,0.45708147
ordinal,PRIMARY,S5_adjusted_plus_purity,sensitivity,S5,Estrogen Response Early,-0.028886139,0.027723011,0.29743238,-0.083222242,0.025449963,0.97152708,OrdinalGEE_cumulative_logit_independence_robust,ok,7443,525,pathway_z,5,0.4647381
ordinal,PRIMARY,S5_adjusted_plus_purity,sensitivity,S5,Estrogen Response Late,-0.068907894,0.026558071,0.0094697713,-0.12096076,-0.016855031,0.93341265,OrdinalGEE_cumulative_logit_independence_robust,ok,7443,525,pathway_z,5,0.033820612
ordinal,PRIMARY,S5_adjusted_plus_purity,sensitivity,S5,Fatty Acid Metabolism,-0.046892803,0.031453915,0.1360031,-0.10854134,0.014755737,0.95418968,OrdinalGEE_cumulative_logit_independence_robust,ok,7443,525,pathway_z,5,0.3579029
ordinal,PRIMARY,S5_adjusted_plus_purity,sensitivity,S5,G2-M Checkpoint,-0.23543276,0.033527762,2.1867627e-12,-0.30114597,-0.16971956,0.79022879,OrdinalGEE_cumulative_logit_independence_robust,ok,7443,525,pathway_z,5,5.4669067e-11
ordinal,PRIMARY,S5_adjusted_plus_purity,sensitivity,S5,Glycolysis,-0.11617367,0.029078787,6.4657454e-05,-0.17316705,-0.059180299,0.89032058,OrdinalGEE_cumulative_logit_independence_robust,ok,7443,525,pathway_z,5,0.00035920808
ordinal,PRIMARY,S5_adjusted_plus_purity,sensitivity,S5,Hedgehog Signaling,-0.067382291,0.028652882,0.018689054,-0.12354091,-0.011223674,0.93483775,OrdinalGEE_cumulative_logit_independence_robust,ok,7443,525,pathway_z,5,0.062296846
ordinal,PRIMARY,S5_adjusted_plus_purity,sensitivity,S5,Hypoxia,-0.012819488,0.030994,0.67915835,-0.073566612,0.047927637,0.98726233,OrdinalGEE_cumulative_logit_independence_robust,ok,7443,525,pathway_z,5,0.77884056
ordinal,PRIMARY,S5_adjusted_plus_purity,sensitivity,S5,IL-2/STAT5 Signaling,-0.012100008,0.027401245,0.65878877,-0.06580546,0.041605445,0.9879729,OrdinalGEE_cumulative_logit_independence_robust,ok,7443,525,pathway_z,5,0.77884056
ordinal,PRIMARY,S5_adjusted_plus_purity,sensitivity,S5,IL-6/JAK/STAT3 Signaling,0.0040605945,0.027681592,0.88337724,-0.05019433,0.058315519,1.0040688,OrdinalGEE_cumulative_logit_independence_robust,ok,7443,525,pathway_z,5,0.90140534
ordinal,PRIMARY,S5_adjusted_plus_purity,sensitivity,S5,Inflammatory Response,0.016952546,0.027975289,0.54452613,-0.037878013,0.071783104,1.0170971,OrdinalGEE_cumulative_logit_independence_robust,ok,7443,525,pathway_z,5,0.73584613
ordinal,PRIMARY,S5_adjusted_plus_purity,sensitivity,S5,Interferon Alpha Response,0.014178941,0.027208478,0.60228166,-0.039148695,0.067506577,1.0142799,OrdinalGEE_cumulative_logit_independence_robust,ok,7443,525,pathway_z,5,0.77884056
ordinal,PRIMARY,S5_adjusted_plus_purity,sensitivity,S5,Interferon Gamma Response,0.013564226,0.026907927,0.61419267,-0.039174341,0.066302793,1.0136566,OrdinalGEE_cumulative_logit_independence_robust,ok,7443,525,pathway_z,5,0.77884056
ordinal,PRIMARY,S5_adjusted_plus_purity,sensitivity,S5,KRAS Signaling Dn,-0.086355605,0.030678768,0.0048802607,-0.14648489,-0.026226324,0.91726799,OrdinalGEE_cumulative_logit_independence_robust,ok,7443,525,pathway_z,5,0.022183003
ordinal,PRIMARY,S5_adjusted_plus_purity,sensitivity,S5,KRAS Signaling Up,-0.035382674,0.027265512,0.19438768,-0.088822095,0.018056747,0.96523597,OrdinalGEE_cumulative_logit_independence_robust,ok,7443,525,pathway_z,5,0.45708147
ordinal,PRIMARY,S5_adjusted_plus_purity,sensitivity,S5,Mitotic Spindle,-0.17796025,0.028298077,3.1998019e-10,-0.23342346,-0.12249704,0.83697569,OrdinalGEE_cumulative_logit_independence_robust,ok,7443,525,pathway_z,5,3.9997523e-09
ordinal,PRIMARY,S5_adjusted_plus_purity,sensitivity,S5,Myc Targets V1,-0.23321725,0.037026788,3.003287e-10,-0.30578842,-0.16064608,0.79198149,OrdinalGEE_cumulative_logit_independence_robust,ok,7443,525,pathway_z,5,3.9997523e-09
ordinal,PRIMARY,S5_adjusted_plus_purity,sensitivity,S5,Myc Targets V2,-0.13719178,0.030071524,5.0624641e-06,-0.19613088,-0.078252672,0.87180302,OrdinalGEE_cumulative_logit_independence_robust,ok,7443,525,pathway_z,5,3.6160458e-05
ordinal,PRIMARY,S5_adjusted_plus_purity,sensitivity,S5,Myogenesis,-0.032087458,0.028864937,0.26629239,-0.088661695,0.024486779,0.96842188,OrdinalGEE_cumulative_logit_independence_robust,ok,7443,525,pathway_z,5,0.45901273
ordinal,PRIMARY,S5_adjusted_plus_purity,sensitivity,S5,Notch Signaling,0.041905595,0.026867679,0.11883012,-0.010754088,0.094565279,1.042796,OrdinalGEE_cumulative_logit_independence_robust,ok,7443,525,pathway_z,5,0.33008368
ordinal,PRIMARY,S5_adjusted_plus_purity,sensitivity,S5,Oxidative Phosphorylation,-0.039870243,0.032204047,0.21569725,-0.10298902,0.023248528,0.96091412,OrdinalGEE_cumulative_logit_independence_robust,ok,7443,525,pathway_z,5,0.45708147
ordinal,PRIMARY,S5_adjusted_plus_purity,sensitivity,S5,PI3K/AKT/mTOR  Signaling,-0.080386642,0.029132306,0.0057913961,-0.13748491,-0.02328837,0.9227595,OrdinalGEE_cumulative_logit_independence_robust,ok,7443,525,pathway_z,5,0.024130817
ordinal,PRIMARY,S5_adjusted_plus_purity,sensitivity,S5,Pancreas Beta Cells,-0.047713253,0.026348803,0.070166875,-0.099355958,0.0039294515,0.95340713,OrdinalGEE_cumulative_logit_independence_robust,ok,7443,525,pathway_z,5,0.20637316
ordinal,PRIMARY,S5_adjusted_plus_purity,sensitivity,S5,Pperoxisome,-0.12135777,0.029402844,3.6686219e-05,-0.17898629,-0.063729257,0.88571702,OrdinalGEE_cumulative_logit_independence_robust,ok,7443,525,pathway_z,5,0.00022928887
ordinal,PRIMARY,S5_adjusted_plus_purity,sensitivity,S5,Protein Secretion,-0.030304233,0.027936721,0.27803437,-0.085059199,0.024450733,0.97015034,OrdinalGEE_cumulative_logit_independence_robust,ok,7443,525,pathway_z,5,0.45901273
ordinal,PRIMARY,S5_adjusted_plus_purity,sensitivity,S5,Reactive Oxygen Species Pathway,-0.030128474,0.028155615,0.28458789,-0.085312466,0.025055518,0.97032086,OrdinalGEE_cumulative_logit_independence_robust,ok,7443,525,pathway_z,5,0.45901273
ordinal,PRIMARY,S5_adjusted_plus_purity,sensitivity,S5,Spermatogenesis,-0.14814403,0.030037199,8.1384036e-07,-0.20701586,-0.089272204,0.86230691,OrdinalGEE_cumulative_logit_independence_robust,ok,7443,525,pathway_z,5,8.1384036e-06
ordinal,PRIMARY,S5_adjusted_plus_purity,sensitivity,S5,TGF-beta Signaling,-0.012739663,0.033173647,0.70095651,-0.077758816,0.052279491,0.98734114,OrdinalGEE_cumulative_logit_independence_robust,ok,7443,525,pathway_z,5,0.77884056
ordinal,PRIMARY,S5_adjusted_plus_purity,sensitivity,S5,TNF-alpha Signaling via NF-kB,0.033759411,0.029130914,0.24650262,-0.023336131,0.090854953,1.0343357,OrdinalGEE_cumulative_logit_independence_robust,ok,7443,525,pathway_z,5,0.45901273
ordinal,PRIMARY,S5_adjusted_plus_purity,sensitivity,S5,UV Response Dn,-0.0051846384,0.027839368,0.85226122,-0.059748797,0.049379521,0.99482878,OrdinalGEE_cumulative_logit_independence_robust,ok,7443,525,pathway_z,5,0.8877721
ordinal,PRIMARY,S5_adjusted_plus_purity,sensitivity,S5,UV Response Up,-0.035080957,0.02959445,0.23586339,-0.093085013,0.022923099,0.96552725,OrdinalGEE_cumulative_logit_independence_robust,ok,7443,525,pathway_z,5,0.45901273
ordinal,PRIMARY,S5_adjusted_plus_purity,sensitivity,S5,Unfolded Protein Response,-0.071626735,0.031124848,0.021376273,-0.13263032,-0.010623154,0.93087829,OrdinalGEE_cumulative_logit_independence_robust,ok,7443,525,pathway_z,5,0.066800852
ordinal,PRIMARY,S5_adjusted_plus_purity,sensitivity,S5,Wnt-beta Catenin Signaling,-0.030059941,0.027467439,0.27378634,-0.083895132,0.023775249,0.97038737,OrdinalGEE_cumulative_logit_independence_robust,ok,7443,525,pathway_z,5,0.45901273
ordinal,PRIMARY,S5_adjusted_plus_purity,sensitivity,S5,Xenobiotic Metabolism,-0.033211689,0.026065929,0.20261317,-0.084299971,0.017876593,0.96733376,OrdinalGEE_cumulative_logit_independence_robust,ok,7443,525,pathway_z,5,0.45708147
ordinal,PRIMARY,S5_adjusted_plus_purity,sensitivity,S5,heme Metabolism,0.0019062668,0.026382789,0.94239963,-0.049803049,0.053615583,1.0019081,OrdinalGEE_cumulative_logit_independence_robust,ok,7443,525,pathway_z,5,0.94239963
ordinal,PRIMARY,S5_adjusted_plus_purity,sensitivity,S5,mTORC1 Signaling,-0.11534523,0.030484149,0.00015446601,-0.17509306,-0.055597398,0.89105847,OrdinalGEE_cumulative_logit_independence_robust,ok,7443,525,pathway_z,5,0.00077233005
ordinal,PRIMARY,S5_adjusted_plus_purity,sensitivity,S5,p53 Pathway,-0.01990201,0.029929783,0.50607817,-0.078563306,0.038759286,0.98029473,OrdinalGEE_cumulative_logit_independence_robust,ok,7443,525,pathway_z,5,0.70968062
binary,SECONDARY,S3_adjusted,sensitivity,S3,Adipogenesis,-0.015270209,0.0475574,0.74814214,-0.108481,0.077940583,0.98484579,GEE_binomial_logit_independence_robust,ok,6725,530,pathway_z,0,0.96371438
binary,SECONDARY,S3_adjusted,sensitivity,S3,Allograft Rejection,0.0091118947,0.043776276,0.8351143,-0.07668803,0.09491182,1.0091535,GEE_binomial_logit_independence_robust,ok,6725,530,pathway_z,0,0.96371438
binary,SECONDARY,S3_adjusted,sensitivity,S3,Androgen Response,0.024639738,0.045732896,0.59004217,-0.064995092,0.11427457,1.0249458,GEE_binomial_logit_independence_robust,ok,6725,530,pathway_z,0,0.96371438
binary,SECONDARY,S3_adjusted,sensitivity,S3,Angiogenesis,-0.0033016649,0.051408317,0.9487916,-0.10406011,0.097456785,0.99670378,GEE_binomial_logit_independence_robust,ok,6725,530,pathway_z,0,0.96371438
binary,SECONDARY,S3_adjusted,sensitivity,S3,Apical Junction,-0.050686294,0.047645005,0.28740468,-0.14406879,0.042696199,0.95057683,GEE_binomial_logit_independence_robust,ok,6725,530,pathway_z,0,0.96371438
binary,SECONDARY,S3_adjusted,sensitivity,S3,Apical Surface,0.0078837391,0.043886922,0.85743712,-0.078133048,0.093900526,1.0079149,GEE_binomial_logit_independence_robust,ok,6725,530,pathway_z,0,0.96371438
binary,SECONDARY,S3_adjusted,sensitivity,S3,Apoptosis,-0.0069929328,0.045155399,0.87692876,-0.095495888,0.081510023,0.99303146,GEE_binomial_logit_independence_robust,ok,6725,530,pathway_z,0,0.96371438
binary,SECONDARY,S3_adjusted,sensitivity,S3,Bile Acid Metabolism,-0.040975264,0.046977402,0.383081,-0.13304928,0.051098751,0.95985287,GEE_binomial_logit_independence_robust,ok,6725,530,pathway_z,0,0.96371438
binary,SECONDARY,S3_adjusted,sensitivity,S3,Cholesterol Homeostasis,0.033895668,0.043237793,0.43307759,-0.050848849,0.11864019,1.0344767,GEE_binomial_logit_independence_robust,ok,6725,530,pathway_z,0,0.96371438
binary,SECONDARY,S3_adjusted,sensitivity,S3,Coagulation,0.019913669,0.046398379,0.66778576,-0.071025483,0.11085282,1.0201133,GEE_binomial_logit_independence_robust,ok,6725,530,pathway_z,0,0.96371438
binary,SECONDARY,S3_adjusted,sensitivity,S3,Complement,0.0088914697,0.045120878,0.84378146,-0.079543826,0.097326766,1.0089311,GEE_binomial_logit_independence_robust,ok,6725,530,pathway_z,0,0.96371438
binary,SECONDARY,S3_adjusted,sensitivity,S3,DNA Repair,-0.12815526,0.052997794,0.015600738,-0.23202903,-0.024281497,0.87971678,GEE_binomial_logit_independence_robust,ok,6725,530,pathway_z,0,0.35375795
binary,SECONDARY,S3_adjusted,sensitivity,S3,E2F Targets,-0.10321977,0.048725545,0.034141949,-0.19872008,-0.0077194536,0.90192874,GEE_binomial_logit_independence_robust,ok,6725,530,pathway_z,0,0.40321638
binary,SECONDARY,S3_adjusted,sensitivity,S3,Epithelial Mesenchymal Transition,-0.028445619,0.054089059,0.59895534,-0.13445823,0.077566989,0.97195515,GEE_binomial_logit_independence_robust,ok,6725,530,pathway_z,0,0.96371438
binary,SECONDARY,S3_adjusted,sensitivity,S3,Estrogen Response Early,0.0071596451,0.044553994,0.8723329,-0.080164578,0.094483868,1.0071853,GEE_binomial_logit_independence_robust,ok,6725,530,pathway_z,0,0.96371438
binary,SECONDARY,S3_adjusted,sensitivity,S3,Estrogen Response Late,0.0020665969,0.045426737,0.96371438,-0.086968172,0.091101366,1.0020687,GEE_binomial_logit_independence_robust,ok,6725,530,pathway_z,0,0.96371438
binary,SECONDARY,S3_adjusted,sensitivity,S3,Fatty Acid Metabolism,0.016986605,0.049388487,0.7308925,-0.079813052,0.11378626,1.0171317,GEE_binomial_logit_independence_robust,ok,6725,530,pathway_z,0,0.96371438
binary,SECONDARY,S3_adjusted,sensitivity,S3,G2-M Checkpoint,-0.092785093,0.046960517,0.04817622,-0.18482602,-0.00074417043,0.91138934,GEE_binomial_logit_independence_robust,ok,6725,530,pathway_z,0,0.40321638
binary,SECONDARY,S3_adjusted,sensitivity,S3,Glycolysis,-0.038182758,0.049939666,0.44452302,-0.1360627,0.059697189,0.96253701,GEE_binomial_logit_independence_robust,ok,6725,530,pathway_z,0,0.96371438
binary,SECONDARY,S3_adjusted,sensitivity,S3,Hedgehog Signaling,-0.10190386,0.044230076,0.021225477,-0.18859322,-0.015214507,0.90311637,GEE_binomial_logit_independence_robust,ok,6725,530,pathway_z,0,0.35375795
binary,SECONDARY,S3_adjusted,sensitivity,S3,Hypoxia,0.0037517475,0.052671033,0.94321486,-0.099481579,0.10698507,1.0037588,GEE_binomial_logit_independence_robust,ok,6725,530,pathway_z,0,0.96371438
binary,SECONDARY,S3_adjusted,sensitivity,S3,IL-2/STAT5 Signaling,0.010823194,0.045470041,0.81185851,-0.078296449,0.099942837,1.010882,GEE_binomial_logit_independence_robust,ok,6725,530,pathway_z,0,0.96371438
binary,SECONDARY,S3_adjusted,sensitivity,S3,IL-6/JAK/STAT3 Signaling,0.020673522,0.04385671,0.63736376,-0.06528405,0.10663109,1.0208887,GEE_binomial_logit_independence_robust,ok,6725,530,pathway_z,0,0.96371438
binary,SECONDARY,S3_adjusted,sensitivity,S3,Inflammatory Response,0.02741222,0.04597934,0.55105125,-0.06270563,0.11753007,1.0277914,GEE_binomial_logit_independence_robust,ok,6725,530,pathway_z,0,0.96371438
binary,SECONDARY,S3_adjusted,sensitivity,S3,Interferon Alpha Response,-0.0026597836,0.039597841,0.94644644,-0.080270125,0.074950558,0.99734375,GEE_binomial_logit_independence_robust,ok,6725,530,pathway_z,0,0.96371438
binary,SECONDARY,S3_adjusted,sensitivity,S3,Interferon Gamma Response,0.00689908,0.040833641,0.86583142,-0.073133385,0.086931545,1.0069229,GEE_binomial_logit_independence_robust,ok,6725,530,pathway_z,0,0.96371438
binary,SECONDARY,S3_adjusted,sensitivity,S3,KRAS Signaling Dn,-0.042098373,0.046429054,0.36455237,-0.13309765,0.048900901,0.95877546,GEE_binomial_logit_independence_robust,ok,6725,530,pathway_z,0,0.96371438
binary,SECONDARY,S3_adjusted,sensitivity,S3,KRAS Signaling Up,0.0026647351,0.046864982,0.95465685,-0.089188941,0.094518411,1.0026683,GEE_binomial_logit_independence_robust,ok,6725,530,pathway_z,0,0.96371438
binary,SECONDARY,S3_adjusted,sensitivity,S3,Mitotic Spindle,-0.10139885,0.043141841,0.018755266,-0.18595531,-0.016842399,0.90357257,GEE_binomial_logit_independence_robust,ok,6725,530,pathway_z,0,0.35375795
binary,SECONDARY,S3_adjusted,sensitivity,S3,Myc Targets V1,-0.053166146,0.052489106,0.31110857,-0.1560429,0.049710613,0.94822246,GEE_binomial_logit_independence_robust,ok,6725,530,pathway_z,0,0.96371438
binary,SECONDARY,S3_adjusted,sensitivity,S3,Myc Targets V2,-0.012390488,0.045573994,0.78571714,-0.10171387,0.076932898,0.98768596,GEE_binomial_logit_independence_robust,ok,6725,530,pathway_z,0,0.96371438
binary,SECONDARY,S3_adjusted,sensitivity,S3,Myogenesis,-0.0067133446,0.052805622,0.89883502,-0.11021046,0.096783773,0.99330914,GEE_binomial_logit_independence_robust,ok,6725,530,pathway_z,0,0.96371438
binary,SECONDARY,S3_adjusted,sensitivity,S3,Notch Signaling,-0.01366119,0.04216884,0.74596521,-0.096310597,0.068988217,0.9864317,GEE_binomial_logit_independence_robust,ok,6725,530,pathway_z,0,0.96371438
binary,SECONDARY,S3_adjusted,sensitivity,S3,Oxidative Phosphorylation,0.017608224,0.050638261,0.7280462,-0.081640943,0.11685739,1.0177642,GEE_binomial_logit_independence_robust,ok,6725,530,pathway_z,0,0.96371438
binary,SECONDARY,S3_adjusted,sensitivity,S3,PI3K/AKT/mTOR  Signaling,-0.07809988,0.046484221,0.092930583,-0.16920728,0.01300752,0.92487205,GEE_binomial_logit_independence_robust,ok,6725,530,pathway_z,0,0.66378988
binary,SECONDARY,S3_adjusted,sensitivity,S3,Pancreas Beta Cells,-0.017332473,0.041336003,0.67499182,-0.09834955,0.063684604,0.98281687,GEE_binomial_logit_independence_robust,ok,6725,530,pathway_z,0,0.96371438
binary,SECONDARY,S3_adjusted,sensitivity,S3,Pperoxisome,-0.025445502,0.045018943,0.57192572,-0.11368101,0.062790004,0.97487551,GEE_binomial_logit_independence_robust,ok,6725,530,pathway_z,0,0.96371438
binary,SECONDARY,S3_adjusted,sensitivity,S3,Protein Secretion,-0.038964811,0.048818467,0.42477927,-0.13464725,0.056717626,0.96178455,GEE_binomial_logit_independence_robust,ok,6725,530,pathway_z,0,0.96371438
binary,SECONDARY,S3_adjusted,sensitivity,S3,Reactive Oxygen Species Pathway,-0.0086185359,0.046511308,0.8529939,-0.099779024,0.082541952,0.9914185,GEE_binomial_logit_independence_robust,ok,6725,530,pathway_z,0,0.96371438
binary,SECONDARY,S3_adjusted,sensitivity,S3,Spermatogenesis,-0.086116468,0.043626185,0.048385966,-0.17162222,-0.00061071762,0.91748737,GEE_binomial_logit_independence_robust,ok,6725,530,pathway_z,0,0.40321638
binary,SECONDARY,S3_adjusted,sensitivity,S3,TGF-beta Signaling,0.012439689,0.050347317,0.80484825,-0.086239239,0.11111862,1.0125174,GEE_binomial_logit_independence_robust,ok,6725,530,pathway_z,0,0.96371438
binary,SECONDARY,S3_adjusted,sensitivity,S3,TNF-alpha Signaling via NF-kB,0.03250871,0.045634714,0.47623692,-0.056933685,0.12195111,1.0330429,GEE_binomial_logit_independence_robust,ok,6725,530,pathway_z,0,0.96371438
binary,SECONDARY,S3_adjusted,sensitivity,S3,UV Response Dn,-0.0048164443,0.048998035,0.92169509,-0.10085083,0.09121794,0.99519514,GEE_binomial_logit_independence_robust,ok,6725,530,pathway_z,0,0.96371438
binary,SECONDARY,S3_adjusted,sensitivity,S3,UV Response Up,-0.012520577,0.044888783,0.78030284,-0.10050098,0.075459821,0.98755748,GEE_binomial_logit_independence_robust,ok,6725,530,pathway_z,0,0.96371438
binary,SECONDARY,S3_adjusted,sensitivity,S3,Unfolded Protein Response,0.030505816,0.047078445,0.51699891,-0.061766241,0.12277787,1.0309759,GEE_binomial_logit_independence_robust,ok,6725,530,pathway_z,0,0.96371438
binary,SECONDARY,S3_adjusted,sensitivity,S3,Wnt-beta Catenin Signaling,-0.067790332,0.043391901,0.11822187,-0.1528369,0.017256232,0.93445638,GEE_binomial_logit_independence_robust,ok,6725,530,pathway_z,0,0.73888666
binary,SECONDARY,S3_adjusted,sensitivity,S3,Xenobiotic Metabolism,-0.0047129787,0.04471754,0.91606285,-0.092357746,0.082931789,0.99529811,GEE_binomial_logit_independence_robust,ok,6725,530,pathway_z,0,0.96371438
binary,SECONDARY,S3_adjusted,sensitivity,S3,heme Metabolism,0.0054680547,0.046525309,0.90644118,-0.085719874,0.096655984,1.005483,GEE_binomial_logit_independence_robust,ok,6725,530,pathway_z,0,0.96371438
binary,SECONDARY,S3_adjusted,sensitivity,S3,mTORC1 Signaling,0.020199944,0.049912834,0.6856948,-0.077627413,0.1180273,1.0204053,GEE_binomial_logit_independence_robust,ok,6725,530,pathway_z,0,0.96371438
binary,SECONDARY,S3_adjusted,sensitivity,S3,p53 Pathway,0.023476835,0.046343109,0.61244436,-0.06735399,0.11430766,1.0237546,GEE_binomial_logit_independence_robust,ok,6725,530,pathway_z,0,0.96371438
binary,SECONDARY,S5_adjusted_plus_purity,sensitivity,S5,Adipogenesis,-0.031594562,0.050190719,0.52902822,-0.12996656,0.066777439,0.96889933,GEE_binomial_logit_independence_robust,ok,6619,523,pathway_z,0,0.97935639
binary,SECONDARY,S5_adjusted_plus_purity,sensitivity,S5,Allograft Rejection,-0.0077576803,0.047070396,0.86909339,-0.10001396,0.084498601,0.99227233,GEE_binomial_logit_independence_robust,ok,6619,523,pathway_z,0,0.97935639
binary,SECONDARY,S5_adjusted_plus_purity,sensitivity,S5,Androgen Response,0.0079554187,0.046198093,0.86327847,-0.082591179,0.098502017,1.0079871,GEE_binomial_logit_independence_robust,ok,6619,523,pathway_z,0,0.97935639
binary,SECONDARY,S5_adjusted_plus_purity,sensitivity,S5,Angiogenesis,-0.015989374,0.052807359,0.7620523,-0.1194899,0.087511147,0.98413778,GEE_binomial_logit_independence_robust,ok,6619,523,pathway_z,0,0.97935639
binary,SECONDARY,S5_adjusted_plus_purity,sensitivity,S5,Apical Junction,-0.075774537,0.050940046,0.13687649,-0.17561519,0.024066118,0.92702519,GEE_binomial_logit_independence_robust,ok,6619,523,pathway_z,0,0.76042493
binary,SECONDARY,S5_adjusted_plus_purity,sensitivity,S5,Apical Surface,-0.003393251,0.045081012,0.93999983,-0.091750412,0.084963909,0.9966125,GEE_binomial_logit_independence_robust,ok,6619,523,pathway_z,0,0.99024621
binary,SECONDARY,S5_adjusted_plus_purity,sensitivity,S5,Apoptosis,-0.024435875,0.048531559,0.61460937,-0.11955598,0.070684232,0.97586026,GEE_binomial_logit_independence_robust,ok,6619,523,pathway_z,0,0.97935639
binary,SECONDARY,S5_adjusted_plus_purity,sensitivity,S5,Bile Acid Metabolism,-0.060656683,0.048763661,0.21353965,-0.1562317,0.034918336,0.9411463,GEE_binomial_logit_independence_robust,ok,6619,523,pathway_z,0,0.97935639
binary,SECONDARY,S5_adjusted_plus_purity,sensitivity,S5,Cholesterol Homeostasis,0.017720797,0.046318516,0.70202705,-0.073061825,0.10850342,1.0178787,GEE_binomial_logit_independence_robust,ok,6619,523,pathway_z,0,0.97935639
binary,SECONDARY,S5_adjusted_plus_purity,sensitivity,S5,Coagulation,0.0017035031,0.049888876,0.97276077,-0.096076897,0.099483904,1.001705,GEE_binomial_logit_independence_robust,ok,6619,523,pathway_z,0,0.99024621
binary,SECONDARY,S5_adjusted_plus_purity,sensitivity,S5,Complement,-0.011772792,0.049022021,0.81021154,-0.10785419,0.084308603,0.98829624,GEE_binomial_logit_independence_robust,ok,6619,523,pathway_z,0,0.97935639
binary,SECONDARY,S5_adjusted_plus_purity,sensitivity,S5,DNA Repair,-0.12912876,0.053491534,0.015778307,-0.23397024,-0.024287275,0.8788608,GEE_binomial_logit_independence_robust,ok,6619,523,pathway_z,0,0.39445767
binary,SECONDARY,S5_adjusted_plus_purity,sensitivity,S5,E2F Targets,-0.10104951,0.051865804,0.051380537,-0.20270462,0.00060559494,0.90388828,GEE_binomial_logit_independence_robust,ok,6619,523,pathway_z,0,0.45484848
binary,SECONDARY,S5_adjusted_plus_purity,sensitivity,S5,Epithelial Mesenchymal Transition,-0.044837979,0.056628811,0.42848465,-0.15582841,0.06615245,0.95615239,GEE_binomial_logit_independence_robust,ok,6619,523,pathway_z,0,0.97935639
binary,SECONDARY,S5_adjusted_plus_purity,sensitivity,S5,Estrogen Response Early,-0.0077327515,0.046244237,0.86720052,-0.09836979,0.082904287,0.99229707,GEE_binomial_logit_independence_robust,ok,6619,523,pathway_z,0,0.97935639
binary,SECONDARY,S5_adjusted_plus_purity,sensitivity,S5,Estrogen Response Late,-0.015778922,0.04684641,0.73625076,-0.1075962,0.076038356,0.98434491,GEE_binomial_logit_independence_robust,ok,6619,523,pathway_z,0,0.97935639
binary,SECONDARY,S5_adjusted_plus_purity,sensitivity,S5,Fatty Acid Metabolism,-0.0077658455,0.051474534,0.88008007,-0.10865408,0.093122387,0.99226423,GEE_binomial_logit_independence_robust,ok,6619,523,pathway_z,0,0.97935639
binary,SECONDARY,S5_adjusted_plus_purity,sensitivity,S5,G2-M Checkpoint,-0.089803775,0.049797957,0.071331279,-0.18740598,0.0077984263,0.91411054,GEE_binomial_logit_independence_robust,ok,6619,523,pathway_z,0,0.50950914
binary,SECONDARY,S5_adjusted_plus_purity,sensitivity,S5,Glycolysis,-0.054430852,0.051267215,0.28836792,-0.15491275,0.046051043,0.94702399,GEE_binomial_logit_independence_robust,ok,6619,523,pathway_z,0,0.97935639
binary,SECONDARY,S5_adjusted_plus_purity,sensitivity,S5,Hedgehog Signaling,-0.11325285,0.044619248,0.011142235,-0.20070496,-0.025800727,0.89292486,GEE_binomial_logit_independence_robust,ok,6619,523,pathway_z,0,0.39445767
binary,SECONDARY,S5_adjusted_plus_purity,sensitivity,S5,Hypoxia,-0.015081378,0.056712361,0.79029503,-0.12623556,0.096072808,0.98503178,GEE_binomial_logit_independence_robust,ok,6619,523,pathway_z,0,0.97935639
binary,SECONDARY,S5_adjusted_plus_purity,sensitivity,S5,IL-2/STAT5 Signaling,-0.0061717536,0.048706762,0.89916798,-0.10163525,0.089291746,0.99384725,GEE_binomial_logit_independence_robust,ok,6619,523,pathway_z,0,0.97935639
binary,SECONDARY,S5_adjusted_plus_purity,sensitivity,S5,IL-6/JAK/STAT3 Signaling,0.00277194,0.048612906,0.95452874,-0.092507605,0.098051485,1.0027758,GEE_binomial_logit_independence_robust,ok,6619,523,pathway_z,0,0.99024621
binary,SECONDARY,S5_adjusted_plus_purity,sensitivity,S5,Inflammatory Response,0.0099660887,0.050580275,0.84380008,-0.089169429,0.10910161,1.0100159,GEE_binomial_logit_independence_robust,ok,6619,523,pathway_z,0,0.97935639
binary,SECONDARY,S5_adjusted_plus_purity,sensitivity,S5,Interferon Alpha Response,-0.0055025456,0.040636957,0.89228976,-0.085149518,0.074144427,0.99451257,GEE_binomial_logit_independence_robust,ok,6619,523,pathway_z,0,0.97935639
binary,SECONDARY,S5_adjusted_plus_purity,sensitivity,S5,Interferon Gamma Response,-0.0054541563,0.043847845,0.90100788,-0.091394353,0.080486041,0.99456069,GEE_binomial_logit_independence_robust,ok,6619,523,pathway_z,0,0.97935639
binary,SECONDARY,S5_adjusted_plus_purity,sensitivity,S5,KRAS Signaling Dn,-0.05599704,0.047471429,0.2381615,-0.14903933,0.037045251,0.94554193,GEE_binomial_logit_independence_robust,ok,6619,523,pathway_z,0,0.97935639
binary,SECONDARY,S5_adjusted_plus_purity,sensitivity,S5,KRAS Signaling Up,-0.015014466,0.049880371,0.76340724,-0.1127782,0.082749265,0.98509769,GEE_binomial_logit_independence_robust,ok,6619,523,pathway_z,0,0.97935639
binary,SECONDARY,S5_adjusted_plus_purity,sensitivity,S5,Mitotic Spindle,-0.096037533,0.044084709,0.029370528,-0.18244197,-0.0096330915,0.90842992,GEE_binomial_logit_independence_robust,ok,6619,523,pathway_z,0,0.45484848
binary,SECONDARY,S5_adjusted_plus_purity,sensitivity,S5,Myc Targets V1,-0.044691288,0.056307016,0.42736587,-0.15505101,0.065668435,0.95629266,GEE_binomial_logit_independence_robust,ok,6619,523,pathway_z,0,0.97935639
binary,SECONDARY,S5_adjusted_plus_purity,sensitivity,S5,Myc Targets V2,-0.00057450204,0.046994555,0.99024621,-0.092682138,0.091533134,0.99942566,GEE_binomial_logit_independence_robust,ok,6619,523,pathway_z,0,0.99024621
binary,SECONDARY,S5_adjusted_plus_purity,sensitivity,S5,Myogenesis,-0.019953952,0.054888923,0.71620653,-0.12753426,0.087626359,0.98024381,GEE_binomial_logit_independence_robust,ok,6619,523,pathway_z,0,0.97935639
binary,SECONDARY,S5_adjusted_plus_purity,sensitivity,S5,Notch Signaling,-0.012966049,0.044409587,0.77031331,-0.10000724,0.074075141,0.98711765,GEE_binomial_logit_independence_robust,ok,6619,523,pathway_z,0,0.97935639
binary,SECONDARY,S5_adjusted_plus_purity,sensitivity,S5,Oxidative Phosphorylation,0.014941261,0.050683251,0.76814911,-0.084396086,0.11427861,1.0150534,GEE_binomial_logit_independence_robust,ok,6619,523,pathway_z,0,0.97935639
binary,SECONDARY,S5_adjusted_plus_purity,sensitivity,S5,PI3K/AKT/mTOR  Signaling,-0.089688353,0.046659456,0.054581818,-0.18113921,0.0017625,0.91421605,GEE_binomial_logit_independence_robust,ok,6619,523,pathway_z,0,0.45484848
binary,SECONDARY,S5_adjusted_plus_purity,sensitivity,S5,Pancreas Beta Cells,-0.0263807,0.041892886,0.52887918,-0.10848925,0.055727849,0.97396423,GEE_binomial_logit_independence_robust,ok,6619,523,pathway_z,0,0.97935639
binary,SECONDARY,S5_adjusted_plus_purity,sensitivity,S5,Pperoxisome,-0.029506196,0.045231056,0.51417946,-0.11815744,0.059145046,0.97092486,GEE_binomial_logit_independence_robust,ok,6619,523,pathway_z,0,0.97935639
binary,SECONDARY,S5_adjusted_plus_purity,sensitivity,S5,Protein Secretion,-0.052254868,0.048720949,0.2834803,-0.14774617,0.043236436,0.94908694,GEE_binomial_logit_independence_robust,ok,6619,523,pathway_z,0,0.97935639
binary,SECONDARY,S5_adjusted_plus_purity,sensitivity,S5,Reactive Oxygen Species Pathway,-0.024901885,0.049573106,0.61543786,-0.12206339,0.072259616,0.97540561,GEE_binomial_logit_independence_robust,ok,6619,523,pathway_z,0,0.97935639
binary,SECONDARY,S5_adjusted_plus_purity,sensitivity,S5,Spermatogenesis,-0.08972729,0.043909672,0.041007751,-0.17578867,-0.0036659151,0.91418046,GEE_binomial_logit_independence_robust,ok,6619,523,pathway_z,0,0.45484848
binary,SECONDARY,S5_adjusted_plus_purity,sensitivity,S5,TGF-beta Signaling,0.016340431,0.051764603,0.75225448,-0.085116326,0.11779719,1.0164747,GEE_binomial_logit_independence_robust,ok,6619,523,pathway_z,0,0.97935639
binary,SECONDARY,S5_adjusted_plus_purity,sensitivity,S5,TNF-alpha Signaling via NF-kB,0.021926213,0.04978684,0.65964613,-0.0756542,0.11950663,1.0221684,GEE_binomial_logit_independence_robust,ok,6619,523,pathway_z,0,0.97935639
binary,SECONDARY,S5_adjusted_plus_purity,sensitivity,S5,UV Response Dn,-0.013758258,0.050411479,0.78491537,-0.11256294,0.085046426,0.98633595,GEE_binomial_logit_independence_robust,ok,6619,523,pathway_z,0,0.97935639
binary,SECONDARY,S5_adjusted_plus_purity,sensitivity,S5,UV Response Up,-0.024813395,0.047173027,0.59888256,-0.11727083,0.067644038,0.97549193,GEE_binomial_logit_independence_robust,ok,6619,523,pathway_z,0,0.97935639
binary,SECONDARY,S5_adjusted_plus_purity,sensitivity,S5,Unfolded Protein Response,0.027800534,0.047177474,0.55567641,-0.064665615,0.12026668,1.0281906,GEE_binomial_logit_independence_robust,ok,6619,523,pathway_z,0,0.97935639
binary,SECONDARY,S5_adjusted_plus_purity,sensitivity,S5,Wnt-beta Catenin Signaling,-0.073411348,0.044904091,0.10208099,-0.16142175,0.014599053,0.92921852,GEE_binomial_logit_independence_robust,ok,6619,523,pathway_z,0,0.63800618
binary,SECONDARY,S5_adjusted_plus_purity,sensitivity,S5,Xenobiotic Metabolism,-0.026285031,0.047348392,0.57879826,-0.11908617,0.066516112,0.97405741,GEE_binomial_logit_independence_robust,ok,6619,523,pathway_z,0,0.97935639
binary,SECONDARY,S5_adjusted_plus_purity,sensitivity,S5,heme Metabolism,-0.0084474189,0.048240899,0.86099393,-0.10299784,0.086103006,0.99158816,GEE_binomial_logit_independence_robust,ok,6619,523,pathway_z,0,0.97935639
binary,SECONDARY,S5_adjusted_plus_purity,sensitivity,S5,mTORC1 Signaling,0.007009166,0.050348957,0.88928283,-0.091672977,0.10569131,1.0070338,GEE_binomial_logit_independence_robust,ok,6619,523,pathway_z,0,0.97935639
binary,SECONDARY,S5_adjusted_plus_purity,sensitivity,S5,p53 Pathway,0.0092685251,0.049779074,0.85229326,-0.088296667,0.10683372,1.0093116,GEE_binomial_logit_independence_robust,ok,6619,523,pathway_z,0,0.97935639
