family,analysis,pathway,n_draws,seed_base,median_informative_pairs,median_mean_delta,iqr_lo_mean_delta,iqr_hi_mean_delta,median_d_z,share_draws_same_sign_as_primary
ordinal,S4_random_matchings,Adipogenesis,200,1042,126,0.11267224,0.019503961,0.17329954,0.080419758,0.84
ordinal,S4_random_matchings,Allograft Rejection,200,1042,126,0.024613794,-0.04504831,0.092384753,0.019042619,0.395
ordinal,S4_random_matchings,Androgen Response,200,1042,126,0.040963326,-0.025555831,0.10972917,0.030199641,0.355
ordinal,S4_random_matchings,Angiogenesis,200,1042,126,0.036264994,-0.039985559,0.097811661,0.02832591,0.375
ordinal,S4_random_matchings,Apical Junction,200,1042,126,0.037268869,-0.021637643,0.11747921,0.025420272,0.32
ordinal,S4_random_matchings,Apical Surface,200,1042,126,0.0075382851,-0.0684199,0.091549178,0.005292279,0.465
ordinal,S4_random_matchings,Apoptosis,200,1042,126,0.058788371,-0.0099266122,0.12281286,0.041294348,0.29
ordinal,S4_random_matchings,Bile Acid Metabolism,200,1042,126,-0.0017913087,-0.065782135,0.064986894,-0.0012148002,0.51
ordinal,S4_random_matchings,Cholesterol Homeostasis,200,1042,126,0.05954602,-0.01770803,0.13546981,0.041050549,0.3
ordinal,S4_random_matchings,Coagulation,200,1042,126,0.02897658,-0.044071326,0.088104549,0.021491791,0.62
ordinal,S4_random_matchings,Complement,200,1042,126,0.035936073,-0.027443389,0.10020505,0.024812188,0.65
ordinal,S4_random_matchings,DNA Repair,200,1042,126,-0.14723103,-0.22208804,-0.079660079,-0.10845892,0.945
ordinal,S4_random_matchings,E2F Targets,200,1042,126,-0.23496313,-0.31793519,-0.16986998,-0.17931143,0.99
ordinal,S4_random_matchings,Epithelial Mesenchymal Transition,200,1042,126,0.062361879,-0.0012127164,0.12797245,0.044338222,0.255
ordinal,S4_random_matchings,Estrogen Response Early,200,1042,126,0.019247221,-0.0432535,0.11114944,0.014150334,0.445
ordinal,S4_random_matchings,Estrogen Response Late,200,1042,126,-0.004476112,-0.079468371,0.071395159,-0.003447269,0.51
ordinal,S4_random_matchings,Fatty Acid Metabolism,200,1042,126,-0.008967787,-0.077033341,0.061886308,-0.0066411252,0.54
ordinal,S4_random_matchings,G2-M Checkpoint,200,1042,126,-0.23739839,-0.31422449,-0.1642129,-0.18615241,0.995
ordinal,S4_random_matchings,Glycolysis,200,1042,126,-0.071179795,-0.14895923,0.0032972197,-0.051777794,0.74
ordinal,S4_random_matchings,Hedgehog Signaling,200,1042,126,-0.0070323632,-0.073691202,0.058030226,-0.0050401982,0.54
ordinal,S4_random_matchings,Hypoxia,200,1042,126,0.068441657,0.0059267262,0.13931898,0.054864036,0.23
ordinal,S4_random_matchings,IL-2/STAT5 Signaling,200,1042,126,0.030697411,-0.035323149,0.092781454,0.02241055,0.385
ordinal,S4_random_matchings,IL-6/JAK/STAT3 Signaling,200,1042,126,0.047781249,-0.018156324,0.11104551,0.033933364,0.305
ordinal,S4_random_matchings,Inflammatory Response,200,1042,126,0.062935292,0.0077339721,0.12646607,0.045101181,0.765
ordinal,S4_random_matchings,Interferon Alpha Response,200,1042,126,0.01585712,-0.063710044,0.096508039,0.011601631,0.445
ordinal,S4_random_matchings,Interferon Gamma Response,200,1042,126,0.036305938,-0.046588851,0.10754659,0.024963582,0.365
ordinal,S4_random_matchings,KRAS Signaling Dn,200,1042,126,-0.081206947,-0.16543444,-0.02483916,-0.06339369,0.815
ordinal,S4_random_matchings,KRAS Signaling Up,200,1042,126,0.0043456661,-0.04817247,0.070850125,0.0032607766,0.49
ordinal,S4_random_matchings,Mitotic Spindle,200,1042,126,-0.13466288,-0.22954409,-0.069366717,-0.099531209,0.91
ordinal,S4_random_matchings,Myc Targets V1,200,1042,126,-0.21079148,-0.26314138,-0.13078791,-0.16753001,0.965
ordinal,S4_random_matchings,Myc Targets V2,200,1042,126,-0.18956995,-0.27318775,-0.11645281,-0.13715311,0.935
ordinal,S4_random_matchings,Myogenesis,200,1042,126,0.038101593,-0.042391502,0.097791793,0.029436602,0.38
ordinal,S4_random_matchings,Notch Signaling,200,1042,126,0.13703301,0.0516981,0.20439448,0.095141019,0.835
ordinal,S4_random_matchings,Oxidative Phosphorylation,200,1042,126,-0.044024269,-0.12520023,0.016509263,-0.031686422,0.695
ordinal,S4_random_matchings,PI3K/AKT/mTOR  Signaling,200,1042,126,-0.058356534,-0.1318574,-0.0031016159,-0.040373016,0.765
ordinal,S4_random_matchings,Pancreas Beta Cells,200,1042,126,-0.030818016,-0.10833595,0.0494323,-0.022154184,0.625
ordinal,S4_random_matchings,Pperoxisome,200,1042,126,-0.093942321,-0.17314974,-0.036838721,-0.073173466,0.845
ordinal,S4_random_matchings,Protein Secretion,200,1042,126,0.020108844,-0.038618222,0.091070129,0.014772434,0.62
ordinal,S4_random_matchings,Reactive Oxygen Species Pathway,200,1042,126,-0.019186113,-0.093228265,0.050463743,-0.014036683,0.555
ordinal,S4_random_matchings,Spermatogenesis,200,1042,126,-0.17259261,-0.23697113,-0.10006278,-0.12920179,0.945
ordinal,S4_random_matchings,TGF-beta Signaling,200,1042,126,0.035317722,-0.034037427,0.10619058,0.029305869,0.64
ordinal,S4_random_matchings,TNF-alpha Signaling via NF-kB,200,1042,126,0.097285492,0.034377195,0.16160743,0.070709194,0.86
ordinal,S4_random_matchings,UV Response Dn,200,1042,126,0.05422673,-0.0086866391,0.13605851,0.038912163,0.275
ordinal,S4_random_matchings,UV Response Up,200,1042,126,0.018472827,-0.055216887,0.092090019,0.01420652,0.415
ordinal,S4_random_matchings,Unfolded Protein Response,200,1042,126,-0.096698529,-0.16712236,-0.033291411,-0.073269489,0.82
ordinal,S4_random_matchings,Wnt-beta Catenin Signaling,200,1042,126,-0.0268088,-0.11028416,0.04253229,-0.01947746,0.605
ordinal,S4_random_matchings,Xenobiotic Metabolism,200,1042,126,0.0423523,-0.023209683,0.11988666,0.02933885,0.335
ordinal,S4_random_matchings,heme Metabolism,200,1042,126,0.10039991,0.041197932,0.18372403,0.072562637,0.855
ordinal,S4_random_matchings,mTORC1 Signaling,200,1042,126,-0.058219472,-0.11989873,0.0074867291,-0.044632347,0.72
ordinal,S4_random_matchings,p53 Pathway,200,1042,126,0.040501611,-0.02653724,0.1073042,0.02972651,0.36
binary,S4_random_matchings,Adipogenesis,200,1042,70,0.10901549,0.023578536,0.19796948,0.076674155,0.795
binary,S4_random_matchings,Allograft Rejection,200,1042,70,0.074261995,-0.014554287,0.1724824,0.05348625,0.715
binary,S4_random_matchings,Androgen Response,200,1042,70,0.068290485,-0.0067459556,0.15859817,0.049763953,0.27
binary,S4_random_matchings,Angiogenesis,200,1042,70,0.1263676,0.028638971,0.20406575,0.096075714,0.845
binary,S4_random_matchings,Apical Junction,200,1042,70,0.09519584,0.0046522707,0.1901103,0.068574995,0.755
binary,S4_random_matchings,Apical Surface,200,1042,70,0.15026751,0.045065005,0.25595404,0.11018455,0.855
binary,S4_random_matchings,Apoptosis,200,1042,70,0.12095579,0.033828443,0.21126817,0.087692584,0.82
binary,S4_random_matchings,Bile Acid Metabolism,200,1042,70,0.053408079,-0.054655319,0.16467292,0.03826279,0.63
binary,S4_random_matchings,Cholesterol Homeostasis,200,1042,70,0.20106629,0.12056021,0.30608515,0.14337937,0.93
binary,S4_random_matchings,Coagulation,200,1042,70,0.14752287,0.044348883,0.24711357,0.11039248,0.825
binary,S4_random_matchings,Complement,200,1042,70,0.087754077,0.001755,0.19514292,0.063705851,0.765
binary,S4_random_matchings,DNA Repair,200,1042,70,-0.22393529,-0.30836425,-0.13840099,-0.17470539,0.965
binary,S4_random_matchings,E2F Targets,200,1042,70,-0.23548414,-0.31263614,-0.14825466,-0.19860229,0.99
binary,S4_random_matchings,Epithelial Mesenchymal Transition,200,1042,70,0.16282264,0.061721953,0.23348514,0.12131401,0.87
binary,S4_random_matchings,Estrogen Response Early,200,1042,70,0.090741629,0.025298215,0.20454581,0.068951218,0.81
binary,S4_random_matchings,Estrogen Response Late,200,1042,70,0.13344332,0.028788597,0.22147305,0.097875245,0.83
binary,S4_random_matchings,Fatty Acid Metabolism,200,1042,70,0.02668698,-0.048512916,0.13452066,0.021070841,0.59
binary,S4_random_matchings,G2-M Checkpoint,200,1042,70,-0.20502463,-0.26706493,-0.11768485,-0.16926377,0.975
binary,S4_random_matchings,Glycolysis,200,1042,70,-0.047228883,-0.13538393,0.040634071,-0.03376105,0.35
binary,S4_random_matchings,Hedgehog Signaling,200,1042,70,0.024223061,-0.069869776,0.13459355,0.018945733,0.56
binary,S4_random_matchings,Hypoxia,200,1042,70,0.17990782,0.081949374,0.25140743,0.13771751,0.915
binary,S4_random_matchings,IL-2/STAT5 Signaling,200,1042,70,0.11250674,0.008370305,0.20884904,0.079657462,0.775
binary,S4_random_matchings,IL-6/JAK/STAT3 Signaling,200,1042,70,0.13923151,0.031778938,0.2405857,0.10376387,0.815
binary,S4_random_matchings,Inflammatory Response,200,1042,70,0.12739358,0.038135161,0.23210266,0.094523485,0.81
binary,S4_random_matchings,Interferon Alpha Response,200,1042,70,0.0043082985,-0.1045877,0.098732412,0.0030765807,0.495
binary,S4_random_matchings,Interferon Gamma Response,200,1042,70,0.049883285,-0.045074683,0.13175911,0.035221403,0.395
binary,S4_random_matchings,KRAS Signaling Dn,200,1042,70,-3.4259928e-05,-0.11089692,0.099615627,-3.6147435e-05,0.5
binary,S4_random_matchings,KRAS Signaling Up,200,1042,70,0.10652454,0.0038020196,0.20834921,0.079499153,0.755
binary,S4_random_matchings,Mitotic Spindle,200,1042,70,-0.099985676,-0.19388922,-0.034591123,-0.076427503,0.17
binary,S4_random_matchings,Myc Targets V1,200,1042,70,-0.19173645,-0.27131946,-0.10106396,-0.15392502,0.96
binary,S4_random_matchings,Myc Targets V2,200,1042,70,-0.16075958,-0.24428942,-0.055043221,-0.11649558,0.835
binary,S4_random_matchings,Myogenesis,200,1042,70,0.1507567,0.051637695,0.22719757,0.11147173,0.84
binary,S4_random_matchings,Notch Signaling,200,1042,70,0.097552768,0.0079778121,0.21333489,0.070292139,0.775
binary,S4_random_matchings,Oxidative Phosphorylation,200,1042,70,-0.093903019,-0.18666417,0.019591905,-0.067221254,0.69
binary,S4_random_matchings,PI3K/AKT/mTOR  Signaling,200,1042,70,0.033778356,-0.079768437,0.12230773,0.022663011,0.56
binary,S4_random_matchings,Pancreas Beta Cells,200,1042,70,0.033125695,-0.075246411,0.12828146,0.023788963,0.575
binary,S4_random_matchings,Pperoxisome,200,1042,70,-0.04881794,-0.13465889,0.039273308,-0.038159973,0.335
binary,S4_random_matchings,Protein Secretion,200,1042,70,-0.052893746,-0.17173919,0.025613286,-0.038658728,0.31
binary,S4_random_matchings,Reactive Oxygen Species Pathway,200,1042,70,0.041502433,-0.073841167,0.12106079,0.03174074,0.605
binary,S4_random_matchings,Spermatogenesis,200,1042,70,-0.10121798,-0.18193965,0.0021917175,-0.07656342,0.74
binary,S4_random_matchings,TGF-beta Signaling,200,1042,70,0.073262754,-0.043151909,0.16102704,0.051574177,0.66
binary,S4_random_matchings,TNF-alpha Signaling via NF-kB,200,1042,70,0.18568199,0.074253589,0.26531777,0.13288224,0.885
binary,S4_random_matchings,UV Response Dn,200,1042,70,0.10182133,-0.0056591967,0.2015279,0.076226049,0.74
binary,S4_random_matchings,UV Response Up,200,1042,70,0.13409208,0.040637606,0.21611211,0.098025705,0.825
binary,S4_random_matchings,Unfolded Protein Response,200,1042,70,-0.024092218,-0.13583419,0.064746344,-0.017848894,0.41
binary,S4_random_matchings,Wnt-beta Catenin Signaling,200,1042,70,-0.060426166,-0.14402853,0.031158941,-0.038927623,0.32
binary,S4_random_matchings,Xenobiotic Metabolism,200,1042,70,0.16983662,0.063972611,0.26183976,0.11953484,0.87
binary,S4_random_matchings,heme Metabolism,200,1042,70,0.13050707,0.04286402,0.21058417,0.096564699,0.82
binary,S4_random_matchings,mTORC1 Signaling,200,1042,70,-0.0057314908,-0.085627173,0.080292013,-0.0040223969,0.515
binary,S4_random_matchings,p53 Pathway,200,1042,70,0.12495548,0.046819616,0.22832086,0.088927653,0.825
