family,analysis,pathway,status,B1_estimate_per_SD,B1_se_robust,B1_p,B1_odds_ratio_per_SD,B1_ci_lo,B1_ci_hi,B2_wald_chi2,B2_df,B2_p,M1_reference_slope_none_of_PI_IMiD_steroid,M1_reference_slope_p,M1_interaction_pathway_x_pi,M1_interaction_pathway_x_pi_p,M1_interaction_pathway_x_imid,M1_interaction_pathway_x_imid_p,M1_interaction_pathway_x_steroid,M1_interaction_pathway_x_steroid_p,slope_among_rows_on_pi,slope_among_rows_on_pi_se,slope_among_rows_on_pi_p,slope_among_rows_on_pi_odds_ratio,slope_among_rows_on_imid,slope_among_rows_on_imid_se,slope_among_rows_on_imid_p,slope_among_rows_on_imid_odds_ratio,slope_among_rows_on_steroid,slope_among_rows_on_steroid_se,slope_among_rows_on_steroid_p,slope_among_rows_on_steroid_odds_ratio,B1_q_bh,B2_q_bh,B1_significant_q_lt_0.05,B2_significant_q_lt_0.05
binary,binary_sens_plasma_cell_pct,Adipogenesis,ok,-0.024202031,0.049028686,0.6215675,0.97608849,-0.12029649,0.071892428,2.3823918,3,0.4969208,-0.071934828,0.3420844,0.0060074605,0.94458954,0.11411463,0.13723315,-0.0079904607,0.92798233,-0.015028651,0.06543716,0.81835179,0.98508372,0.039568042,0.060880496,0.51573764,1.0403613,0.00037998187,0.055032918,0.99449095,1.0003801,0.97785972,0.57781489,False,False
binary,binary_sens_plasma_cell_pct,Allograft Rejection,ok,-0.026444599,0.045494596,0.56105916,0.973902,-0.11561237,0.062723171,7.700879,3,0.052615564,-0.11895945,0.076392188,-0.0057187905,0.94688964,0.19197644,0.01875785,0.029720693,0.73981087,-0.0059432516,0.066347244,0.92862259,0.99407437,0.087326747,0.062049918,0.15931983,1.0912532,0.037377883,0.058557203,0.5232693,1.0380852,0.97785972,0.13225874,False,False
binary,binary_sens_plasma_cell_pct,Androgen Response,ok,0.020758328,0.044976891,0.64441612,1.0209753,-0.067394759,0.10891142,8.6691026,3,0.034029748,-0.078866467,0.26886273,-0.054913179,0.50174769,0.20541309,0.012674245,0.051660937,0.57020309,0.0084990159,0.061913908,0.89081619,1.0085352,0.13899015,0.060822506,0.022302494,1.1491128,0.08212078,0.056951509,0.1493187,1.0855869,0.97785972,0.11343249,False,False
binary,binary_sens_plasma_cell_pct,Angiogenesis,ok,-0.033613596,0.049569391,0.49770072,0.96694506,-0.13076782,0.063540626,14.657386,3,0.0021341269,-0.13856031,0.05789772,0.068052214,0.46117979,0.31432971,0.00019656012,-0.097361954,0.33408592,0.011895428,0.066443963,0.85791456,1.0119665,0.14252301,0.066208013,0.031345798,1.1531796,0.012884406,0.058966901,0.82703773,1.0129678,0.97785972,0.053353172,False,False
binary,binary_sens_plasma_cell_pct,Apical Junction,ok,-0.084143787,0.048927884,0.085477681,0.91929906,-0.18004068,0.011753105,7.8024989,3,0.05027477,-0.16081257,0.030004688,-0.029364592,0.75351474,0.20575273,0.013281344,-0.0037474507,0.97225431,-0.090228703,0.06553008,0.16854159,0.91372219,0.03482055,0.064255639,0.5878829,1.0354339,-0.041310909,0.058372585,0.47912487,0.95953076,0.53423551,0.13225874,False,False
binary,binary_sens_plasma_cell_pct,Apical Surface,ok,-0.0012088902,0.043560028,0.97785972,0.99879184,-0.086584976,0.084167196,11.424691,3,0.0096377084,-0.12249441,0.088322011,0.0073426362,0.92895801,0.24336665,0.0030091451,0.030222848,0.75165284,0.029650123,0.061203242,0.62806408,1.0300941,0.13906049,0.057701271,0.015952198,1.1491936,0.076060192,0.050327073,0.13070755,1.0790275,0.97785972,0.091246928,False,False
binary,binary_sens_plasma_cell_pct,Apoptosis,ok,-0.029899892,0.046702794,0.52203196,0.97054269,-0.12143569,0.061635902,9.8126115,3,0.020228044,-0.13065966,0.059350498,0.059306076,0.51288334,0.2646514,0.002421935,-0.070634141,0.47350926,0.0067247538,0.064538998,0.91701321,1.0067474,0.11261822,0.066176019,0.088793224,1.1192046,0.0092670362,0.059899781,0.87705072,1.0093101,0.97785972,0.091246928,False,False
binary,binary_sens_plasma_cell_pct,Bile Acid Metabolism,ok,-0.048878813,0.04688104,0.29712726,0.95229653,-0.14076396,0.043006337,3.2281526,3,0.35776829,-0.11769396,0.088899141,0.050067119,0.60026415,0.1275296,0.11638881,-0.0077194756,0.93959315,-0.0098162792,0.070722948,0.88960893,0.99023174,0.019546305,0.062355619,0.7539274,1.0197386,-0.012431417,0.060559365,0.83735607,0.98764553,0.97785972,0.50215391,False,False
binary,binary_sens_plasma_cell_pct,Cholesterol Homeostasis,ok,0.007237112,0.047492074,0.87888275,1.0072634,-0.085845642,0.10031987,6.6463183,3,0.084067279,-0.062916638,0.39795219,-0.029584248,0.74146381,0.19600391,0.013568319,-0.022038891,0.81830779,-0.011454401,0.063273287,0.85634356,0.98861095,0.11312732,0.058250453,0.052126839,1.1197745,0.031590438,0.055318415,0.56795525,1.0320947,0.97785972,0.191062,False,False
binary,binary_sens_plasma_cell_pct,Coagulation,ok,0.0044912476,0.048955816,0.92690395,1.0045013,-0.091460388,0.10044288,7.8795136,3,0.048568546,-0.089830727,0.24005197,-0.010101995,0.91290362,0.21614724,0.0091327797,0.0076253505,0.9381516,0.013933575,0.064189474,0.82815421,1.0140311,0.12760139,0.063107966,0.043181135,1.1361,0.058389563,0.053888825,0.27857814,1.0601279,0.97785972,0.13225874,False,False
binary,binary_sens_plasma_cell_pct,Complement,ok,-0.0064307398,0.047091026,0.89137878,0.99358989,-0.098727455,0.085865976,10.028273,3,0.018327331,-0.12730128,0.077902676,0.015286275,0.86365496,0.22104137,0.0072861631,0.046813527,0.62358863,0.034355618,0.063550346,0.58878005,1.0349526,0.12299418,0.062948778,0.050715754,1.1308778,0.077020664,0.055836999,0.16777639,1.0800644,0.97785972,0.091246928,False,False
binary,binary_sens_plasma_cell_pct,DNA Repair,ok,-0.13500943,0.051977415,0.0093915161,0.87370768,-0.23688329,-0.033135565,1.7289839,3,0.63050935,-0.070082448,0.39346252,-0.10204163,0.36274417,-0.051746298,0.58699863,-0.017752495,0.87744131,-0.21160048,0.076908814,0.0059356284,0.80928796,-0.15952328,0.063592359,0.0121235,0.85255012,-0.17748166,0.075504104,0.018742027,0.83737636,0.10430777,0.68533625,False,False
binary,binary_sens_plasma_cell_pct,E2F Targets,ok,-0.14150326,0.050343673,0.0049426853,0.86805235,-0.24017504,-0.042831471,4.9056194,3,0.17884005,-0.037183621,0.63009497,-0.12572334,0.20184852,-0.0738999,0.40019415,-0.055575204,0.57493071,-0.24246558,0.073375266,0.00095159788,0.78469076,-0.17554554,0.064099774,0.0061695839,0.83899919,-0.21006327,0.069748982,0.0025978598,0.81053296,0.10430777,0.36904333,False,False
binary,binary_sens_plasma_cell_pct,Epithelial Mesenchymal Transition,ok,-0.02822556,0.05348757,0.59770537,0.97216906,-0.13305927,0.076608151,10.467022,3,0.014986283,-0.13841043,0.086522017,-0.0094160616,0.9247551,0.25963621,0.0036611987,0.024316896,0.82329997,0.00057591484,0.069618278,0.9933996,1.0005761,0.13162448,0.072567507,0.069705251,1.1406799,0.056246233,0.060015854,0.34866105,1.0578581,0.97785972,0.091246928,False,False
binary,binary_sens_plasma_cell_pct,Estrogen Response Early,ok,-0.017749853,0.044594841,0.6906119,0.98240675,-0.10515414,0.069654429,8.6738428,3,0.033956841,-0.090386014,0.19483571,-0.044302946,0.5973474,0.229955,0.0064469965,-0.037408961,0.70284195,-0.04846507,0.060162089,0.420488,0.95269062,0.10732326,0.059980514,0.073566163,1.1132941,0.0037964156,0.058523281,0.94827737,1.0038036,0.97785972,0.11343249,False,False
binary,binary_sens_plasma_cell_pct,Estrogen Response Late,ok,-0.015739942,0.046301347,0.73389745,0.98438328,-0.10648891,0.075009031,10.315275,3,0.016067804,-0.10699643,0.11696576,-0.081759417,0.32447528,0.20441186,0.016036134,0.06628498,0.49313528,-0.03576045,0.064677557,0.58032947,0.9648714,0.11025782,0.062403036,0.077250623,1.1165659,0.053549639,0.056497756,0.34322167,1.0550094,0.97785972,0.091246928,False,False
binary,binary_sens_plasma_cell_pct,Fatty Acid Metabolism,ok,0.00915588,0.051450446,0.85875807,1.0091979,-0.091685141,0.1099969,0.62271803,3,0.89121247,0.0024995976,0.9741837,0.043433479,0.66053541,0.050940622,0.53177147,-0.067063591,0.492409,0.019950311,0.072507957,0.78320368,1.0201506,0.029588726,0.061779802,0.63198238,1.0300308,-0.0068739504,0.06172094,0.9113218,0.99314962,0.97785972,0.89898965,False,False
binary,binary_sens_plasma_cell_pct,G2-M Checkpoint,ok,-0.12620967,0.048384538,0.0090947703,0.88143002,-0.22104162,-0.031377715,2.425615,3,0.48888421,-0.06303597,0.39764587,-0.087248142,0.3476807,-0.026113907,0.75999148,-0.045776625,0.62375518,-0.19844635,0.069222246,0.0041464464,0.82000376,-0.13773895,0.061780327,0.025780965,0.87132612,-0.17321549,0.065434062,0.0081167062,0.84095638,0.10430777,0.57781489,False,False
binary,binary_sens_plasma_cell_pct,Glycolysis,ok,-0.047847304,0.05087659,0.34698261,0.95327934,-0.14756359,0.05186898,4.4543686,3,0.2163968,-0.074898901,0.33923719,-0.087139138,0.31316776,0.13084463,0.12689434,-0.0096596134,0.92028808,-0.10405896,0.069021635,0.13164971,0.90117216,0.026696974,0.060336447,0.65815025,1.0270565,-0.042876122,0.058706814,0.46518044,0.95803006,0.97785972,0.38597768,False,False
binary,binary_sens_plasma_cell_pct,Hedgehog Signaling,ok,-0.093661074,0.043777008,0.032394892,0.91059133,-0.17946243,-0.0078597141,4.511096,3,0.21130268,-0.18119824,0.0064138871,0.012818817,0.88893527,0.14757679,0.058263637,0.04186351,0.63966499,-0.062518802,0.071798536,0.38388894,0.9393954,-0.007695894,0.065105499,0.90590403,0.99233364,-0.032774769,0.061836072,0.59609342,0.9677565,0.23139209,0.38597768,False,False
binary,binary_sens_plasma_cell_pct,Hypoxia,ok,-0.010993902,0.053513438,0.83722688,0.98906631,-0.11587831,0.093890508,17.297295,3,0.00061389228,-0.15755816,0.054128857,-0.007600128,0.93519621,0.32950989,0.00020052027,0.021747784,0.83703877,0.016192195,0.068883283,0.81415664,1.016324,0.18147873,0.067358486,0.0070553099,1.198989,0.082702954,0.060135383,0.16904484,1.0862191,0.97785972,0.030694614,False,True
binary,binary_sens_plasma_cell_pct,IL-2/STAT5 Signaling,ok,-0.018350454,0.046416062,0.69258677,0.98181689,-0.10932426,0.072623356,8.2940365,3,0.040310098,-0.109488,0.13016548,0.031765123,0.7104965,0.22527451,0.0067270651,-0.037292437,0.70441544,0.0062513599,0.061410429,0.91891829,1.0062709,0.10462736,0.063148963,0.097553002,1.1102968,0.022419733,0.055920048,0.6884755,1.0226729,0.97785972,0.12596906,False,False
binary,binary_sens_plasma_cell_pct,IL-6/JAK/STAT3 Signaling,ok,-0.010080878,0.047367037,0.83146366,0.98996976,-0.10291856,0.082756809,4.3733731,3,0.22386705,-0.085637043,0.22827035,0.035456571,0.69478623,0.16106647,0.051129169,-0.01080662,0.90953978,0.022021874,0.064014181,0.73083459,1.0222661,0.079451356,0.066312324,0.23086306,1.0826929,0.031361935,0.058461941,0.59164727,1.0318589,0.97785972,0.38597768,False,False
binary,binary_sens_plasma_cell_pct,Inflammatory Response,ok,0.0036510699,0.0490387,0.94065007,1.0036577,-0.092463015,0.099765155,9.9644113,3,0.018871088,-0.10709358,0.14616204,0.06485841,0.48079543,0.24964493,0.0031651813,-0.035213472,0.72389135,0.055512568,0.065645449,0.39775233,1.0570823,0.1416503,0.066072249,0.032043314,1.1521737,0.061092682,0.058228402,0.29409049,1.0629974,0.97785972,0.091246928,False,False
binary,binary_sens_plasma_cell_pct,Interferon Alpha Response,ok,0.00492074,0.040689441,0.90374325,1.0049329,-0.074829099,0.084670579,2.8801758,3,0.41047104,-0.033840718,0.58792336,0.079991423,0.34587432,-0.041973737,0.58399055,0.080321233,0.39513893,0.0867836,0.063900356,0.17442934,1.0906606,-0.010761556,0.054859157,0.84447946,0.98929614,0.0610002,0.062741987,0.33093172,1.0628991,0.97785972,0.51771811,False,False
binary,binary_sens_plasma_cell_pct,Interferon Gamma Response,ok,-0.0037023566,0.043443302,0.93208432,0.99630449,-0.088849663,0.08144495,3.2017649,3,0.36155081,-0.081575486,0.22004666,0.077005785,0.35711131,0.06575058,0.40720436,0.056966919,0.53845771,0.071983867,0.061016335,0.23810067,1.074638,0.035916267,0.060169962,0.55056509,1.036569,0.061079608,0.060161059,0.30997801,1.0629835,0.97785972,0.50215391,False,False
binary,binary_sens_plasma_cell_pct,KRAS Signaling Dn,ok,-0.054090658,0.046536223,0.24509961,0.94734622,-0.14529998,0.037118663,2.0105637,3,0.57021706,-0.09188043,0.20304174,-0.070853285,0.46293982,0.091456266,0.30384347,0.041173308,0.71531749,-0.085448171,0.070542523,0.22578038,0.91810073,0.0020064295,0.059275453,0.97299736,1.0020084,-0.026903124,0.065423349,0.6809142,0.97345554,0.97785972,0.63357451,False,False
binary,binary_sens_plasma_cell_pct,KRAS Signaling Up,ok,-0.018964273,0.04787309,0.69200441,0.98121442,-0.11279381,0.074865259,9.7692657,3,0.020632806,-0.10515513,0.14205282,-0.030381662,0.73999526,0.24367384,0.0041877196,-0.01206039,0.90547405,-0.023013919,0.068650772,0.73745027,0.97724888,0.12367343,0.065424344,0.058714187,1.1316462,0.031104508,0.056941145,0.58488918,1.0315933,0.97785972,0.091246928,False,False
binary,binary_sens_plasma_cell_pct,Mitotic Spindle,ok,-0.13118015,0.041301099,0.0014922307,0.87705976,-0.21212881,-0.05023148,3.0762471,3,0.38001812,-0.083938806,0.20100353,-0.020612861,0.80886676,0.03068028,0.70711926,-0.12255706,0.16670765,-0.18322453,0.058945264,0.0018811338,0.8325812,-0.12448157,0.056852031,0.028555349,0.88295453,-0.19681902,0.057292714,0.00059184639,0.82133927,0.074611536,0.51082714,False,False
binary,binary_sens_plasma_cell_pct,Myc Targets V1,ok,-0.063757541,0.054732222,0.24405965,0.93823245,-0.17103073,0.043515643,7.2919054,3,0.063153406,0.067237132,0.43873933,-0.23311902,0.034048638,-0.14954294,0.1087387,0.027039567,0.79912248,-0.2198743,0.086836066,0.011339397,0.80261968,-0.13228016,0.069580554,0.057287846,0.87609551,-0.13168656,0.07489051,0.078681554,0.87661572,0.97785972,0.15036525,False,False
binary,binary_sens_plasma_cell_pct,Myc Targets V2,ok,-0.010292484,0.045823426,0.82228126,0.9897603,-0.10010475,0.07951978,3.3655536,3,0.33862252,0.02951831,0.70160882,-0.16209383,0.084591422,-0.053250319,0.5019001,0.084558675,0.34070436,-0.094327732,0.072627208,0.19401487,0.90998448,-0.023322918,0.057745135,0.68629062,0.97694696,-0.0087721197,0.062682322,0.88870292,0.99126624,0.97785972,0.50215391,False,False
binary,binary_sens_plasma_cell_pct,Myogenesis,ok,-0.027076298,0.053295487,0.61142452,0.97328698,-0.13153353,0.077380937,9.360846,3,0.024858747,-0.11122455,0.14682776,-0.02869798,0.76100471,0.25391828,0.0039417072,-0.030805241,0.7818396,-0.036657979,0.067634375,0.587817,0.96400579,0.11829174,0.071310018,0.097148516,1.1255724,0.014112853,0.064887923,0.82782196,1.0142129,0.97785972,0.095610567,False,False
binary,binary_sens_plasma_cell_pct,Notch Signaling,ok,-0.017301896,0.043961936,0.69390194,0.98284692,-0.10346571,0.068861915,9.8426139,3,0.01995246,-0.13690012,0.061845422,0.17600364,0.039619224,0.2051644,0.012303316,-0.078420499,0.40897778,0.081481448,0.058113442,0.16088235,1.0848931,0.074981504,0.060806988,0.21753596,1.0778642,0.017603069,0.060066435,0.7694763,1.0177589,0.97785972,0.091246928,False,False
binary,binary_sens_plasma_cell_pct,Oxidative Phosphorylation,ok,0.012039595,0.05188517,0.81650456,1.0121124,-0.089653471,0.11373266,2.0993572,3,0.55204281,0.054738533,0.48127763,-0.15269936,0.14831495,-0.016578441,0.85584726,0.036277151,0.73279758,-0.078420049,0.087863592,0.37211406,0.92457598,0.015351676,0.062010636,0.80447083,1.0154701,-0.0020260595,0.076893244,0.97897898,0.99797599,0.97785972,0.62732137,False,False
binary,binary_sens_plasma_cell_pct,PI3K/AKT/mTOR  Signaling,ok,-0.11073647,0.04323597,0.010430777,0.89517462,-0.19547742,-0.025995528,2.8571731,3,0.41417448,-0.12787042,0.062685448,-0.042184594,0.65180843,0.13517583,0.12489142,-0.05691971,0.56820756,-0.14616141,0.064986031,0.024504831,0.86401823,-0.034786378,0.063947442,0.58645256,0.96581171,-0.11608752,0.059003241,0.049128247,0.89039729,0.10430777,0.51771811,False,False
binary,binary_sens_plasma_cell_pct,Pancreas Beta Cells,ok,-0.0084808397,0.041867902,0.83947751,0.99155502,-0.090540421,0.073578741,3.2246504,3,0.35826834,-0.064615644,0.34033595,-0.046467317,0.54815738,0.09908896,0.21502269,0.054779984,0.53463744,-0.019546316,0.059517408,0.74259909,0.98064347,0.050918786,0.052664117,0.33361442,1.0522374,0.032194531,0.049933565,0.51909096,1.0327184,0.97785972,0.50215391,False,False
binary,binary_sens_plasma_cell_pct,Pperoxisome,ok,-0.011350009,0.046483487,0.8070969,0.98871416,-0.10245597,0.079755951,3.0221111,3,0.38822863,0.0017004233,0.98064244,-0.14014316,0.091344238,0.029643988,0.73472127,0.034595116,0.71136565,-0.097092931,0.068470898,0.15618566,0.90747167,0.011107066,0.061218767,0.85602822,1.011169,-0.018792753,0.059827346,0.7534326,0.98138273,0.97785972,0.51082714,False,False
binary,binary_sens_plasma_cell_pct,Protein Secretion,ok,-0.018804086,0.045406517,0.67878076,0.98137161,-0.10779922,0.070191052,3.5082321,3,0.31969601,0.052920736,0.44096086,0.011539571,0.90864418,-0.1581159,0.078378072,0.0010637931,0.99138086,-0.01374057,0.069228938,0.84266941,0.9863534,-0.10143701,0.063637672,0.11094111,0.90353809,-0.046639234,0.061461226,0.44794831,0.95443166,0.97785972,0.49952502,False,False
binary,binary_sens_plasma_cell_pct,Reactive Oxygen Species Pathway,ok,-0.043543495,0.046598734,0.35007947,0.95739091,-0.13487534,0.047788346,7.688684,3,0.052903496,-0.1439895,0.037064212,0.10378058,0.2483078,0.2015146,0.01171957,-0.052676672,0.6074117,0.020091366,0.063670516,0.75234248,1.0202946,0.058044868,0.063317476,0.35928549,1.0597625,-0.0049176198,0.061204187,0.93596067,0.99509445,0.97785972,0.13225874,False,False
binary,binary_sens_plasma_cell_pct,Spermatogenesis,ok,-0.099317007,0.043773036,0.023273901,0.90545563,-0.18511058,-0.013523432,0.58880814,3,0.89898965,-0.10253702,0.12015807,-0.038564459,0.6383962,0.044267371,0.59199653,-0.0092211329,0.9270547,-0.12605219,0.066853014,0.059360679,0.88156883,-0.073858526,0.054541081,0.17567846,0.92880309,-0.1025247,0.062499339,0.10091943,0.90255586,0.19394917,0.89898965,False,False
binary,binary_sens_plasma_cell_pct,TGF-beta Signaling,ok,0.0019911092,0.048230287,0.96706998,1.0019931,-0.092538516,0.096520735,3.5760871,3,0.31102713,-0.040235499,0.6061613,0.054732569,0.60218478,0.19069034,0.059575957,-0.13447921,0.26253914,0.0066429766,0.066991477,0.92101003,1.0066651,0.093682087,0.07311581,0.20009408,1.0982106,-0.016566499,0.065956251,0.80167955,0.98356997,0.97785972,0.49952502,False,False
binary,binary_sens_plasma_cell_pct,TNF-alpha Signaling via NF-kB,ok,0.0053001922,0.04830575,0.91263004,1.0053143,-0.089377338,0.099977722,10.980991,3,0.011829111,-0.10711361,0.13967886,0.054981471,0.54909952,0.26425408,0.0018501149,-0.049871073,0.62664607,0.041673549,0.061946088,0.50111335,1.0425541,0.14567279,0.064717606,0.02439194,1.1568176,0.050989883,0.059014909,0.38757857,1.0523122,0.97785972,0.091246928,False,False
binary,binary_sens_plasma_cell_pct,UV Response Dn,ok,0.0056281729,0.047855742,0.90637901,1.005644,-0.088167358,0.099423704,4.1703656,3,0.24364565,-0.05979529,0.42922193,0.02356998,0.79261506,0.16922444,0.047698511,-0.029665361,0.76291182,0.025588668,0.066754124,0.70147721,1.0259189,0.10008283,0.067365751,0.13736818,1.1052625,0.037484826,0.059348027,0.52764154,1.0381962,0.97785972,0.40607609,False,False
binary,binary_sens_plasma_cell_pct,UV Response Up,ok,-0.029023322,0.048915803,0.55295884,0.97139381,-0.12489654,0.066849891,9.6388434,3,0.021899263,-0.07760504,0.31826581,-0.1822695,0.021494439,0.11907797,0.12901611,0.11696082,0.22506348,-0.11065399,0.064528248,0.086379212,0.89524846,0.053629718,0.055488701,0.33379505,1.0550938,0.022102296,0.054814392,0.68678589,1.0223484,0.97785972,0.091246928,False,False
binary,binary_sens_plasma_cell_pct,Unfolded Protein Response,ok,0.074163647,0.045237293,0.10112249,1.076983,-0.014499819,0.16282711,1.2867647,3,0.7322783,0.094295151,0.18538849,-0.096094519,0.31624609,-0.064998198,0.48320456,0.082602443,0.41061932,0.029077041,0.073469108,0.69227298,1.0295039,0.046901528,0.065683648,0.47519514,1.0480188,0.081486596,0.060715939,0.17956499,1.0848987,0.56179161,0.77901946,False,False
binary,binary_sens_plasma_cell_pct,Wnt-beta Catenin Signaling,ok,-0.045509328,0.044719472,0.30883839,0.95551069,-0.13315788,0.042139226,2.6829191,3,0.44313783,-0.089240633,0.17492592,-0.058112917,0.50985585,0.10323769,0.18432204,0.024306297,0.80085837,-0.077117872,0.071435694,0.28034594,0.92578072,0.010930878,0.057583551,0.84944517,1.0109908,-0.026343378,0.061742351,0.66962242,0.97400058,0.97785972,0.54041198,False,False
binary,binary_sens_plasma_cell_pct,Xenobiotic Metabolism,ok,-0.026552475,0.046264223,0.56601444,0.97379694,-0.11722869,0.064123736,4.8319845,3,0.18452166,-0.10290655,0.1559584,0.027279758,0.7680577,0.16237308,0.035098743,-0.01076922,0.908796,-0.0027427941,0.064871516,0.96627516,0.99726096,0.061248488,0.057455647,0.2864176,1.0631631,0.010629897,0.053037906,0.84115153,1.0106866,0.97785972,0.36904333,False,False
binary,binary_sens_plasma_cell_pct,heme Metabolism,ok,-0.024006559,0.045027382,0.59392652,0.97627931,-0.11225861,0.064245488,6.202291,3,0.10217255,-0.10776961,0.078487978,0.0082462433,0.92156675,0.13808922,0.074641811,0.064064235,0.4967916,0.018624575,0.064360464,0.77229126,1.0187991,0.066851119,0.061372973,0.27603929,1.0691363,0.05399487,0.054389704,0.32083636,1.0554792,0.97785972,0.22211425,False,False
binary,binary_sens_plasma_cell_pct,mTORC1 Signaling,ok,-0.0031040962,0.050162073,0.95065733,0.99690072,-0.10141995,0.095211761,0.98991442,3,0.80369235,0.00069492149,0.9929088,-0.029375074,0.74674451,0.063828151,0.46226848,-0.050532188,0.58363288,-0.035542411,0.073691203,0.62958183,0.9650818,0.029386811,0.05984862,0.62341299,1.0298229,-0.022465064,0.060485026,0.71032823,0.9777854,0.97785972,0.83717953,False,False
binary,binary_sens_plasma_cell_pct,p53 Pathway,ok,-0.019983616,0.048775119,0.68201926,0.98021473,-0.11558109,0.07561386,4.684728,3,0.19639305,-0.063596907,0.39709815,0.039577671,0.68288427,0.18343235,0.032916961,-0.11706766,0.27743412,-0.022145245,0.066564007,0.73936756,0.97809816,0.068183262,0.064245244,0.28855512,1.0705615,-0.035541821,0.061424855,0.56284372,0.96508237,0.97785972,0.37767894,False,False
