family,analysis,pathway,status,B1_estimate_per_SD,B1_se_robust,B1_p,B1_odds_ratio_per_SD,B1_ci_lo,B1_ci_hi,B2_wald_chi2,B2_df,B2_p,M1_reference_slope_none_of_PI_IMiD_steroid,M1_reference_slope_p,M1_interaction_pathway_x_pi,M1_interaction_pathway_x_pi_p,M1_interaction_pathway_x_imid,M1_interaction_pathway_x_imid_p,M1_interaction_pathway_x_steroid,M1_interaction_pathway_x_steroid_p,slope_among_rows_on_pi,slope_among_rows_on_pi_se,slope_among_rows_on_pi_p,slope_among_rows_on_pi_odds_ratio,slope_among_rows_on_imid,slope_among_rows_on_imid_se,slope_among_rows_on_imid_p,slope_among_rows_on_imid_odds_ratio,slope_among_rows_on_steroid,slope_among_rows_on_steroid_se,slope_among_rows_on_steroid_p,slope_among_rows_on_steroid_odds_ratio,B1_q_bh,B2_q_bh,B1_significant_q_lt_0.05,B2_significant_q_lt_0.05,B1_wald_chi2_numpy,B2_wald_chi2_numpy
binary,binary_primary,Adipogenesis,ok,-0.023530255,0.045473293,0.60484053,0.97674442,-0.11265627,0.065595761,2.4344106,3,0.48726124,-0.068705509,0.32067899,-0.0058464568,0.94533954,0.10889054,0.13991364,0.0041166302,0.96147947,-0.017577049,0.064292759,0.78455282,0.98257653,0.040785653,0.057133299,0.4753086,1.0416288,0.005848645,0.054880901,0.9151303,1.0058658,0.7918479,0.67455185,False,False,0.26775677,2.4344106
binary,binary_primary,Allograft Rejection,ok,0.012011022,0.041674789,0.77318726,1.0120834,-0.069670063,0.093692107,4.264312,3,0.23430139,-0.045059167,0.46451549,-0.015410377,0.85427764,0.14519533,0.06795885,0.0066594594,0.93792508,0.016395125,0.06598727,0.80377936,1.0165303,0.09948802,0.059387887,0.093890271,1.1046052,0.051459509,0.057590181,0.37156454,1.0528066,0.87862188,0.53261699,False,False,0.083064053,4.264312
binary,binary_primary,Androgen Response,ok,0.050566599,0.043234978,0.24217158,1.0518669,-0.0341724,0.1353056,6.9428526,3,0.073741734,-0.020478307,0.75719758,-0.060671083,0.44935654,0.1792275,0.024940508,0.026081749,0.76580766,0.027375111,0.061804173,0.65781416,1.0277533,0.15612466,0.058863813,0.0079944805,1.1689719,0.094304067,0.05624008,0.093579156,1.0988938,0.60542894,0.53261699,False,False,1.3679084,6.9428526
binary,binary_primary,Angiogenesis,ok,0.034145616,0.046179328,0.45965597,1.0347353,-0.056364203,0.12465544,7.9810839,3,0.046404267,-0.00047488279,0.99420717,0.033898769,0.70771787,0.22631458,0.0064534425,-0.15701949,0.10230574,0.025362251,0.066933344,0.70474874,1.0256866,0.151474,0.065344506,0.020444804,1.163548,0.013469423,0.059892577,0.82206249,1.0135605,0.7413806,0.53261699,False,False,0.54673226,7.9810839
binary,binary_primary,Apical Junction,ok,-0.024270152,0.043598936,0.57775398,0.976022,-0.1097225,0.061182193,3.5788399,3,0.31067988,-0.040094788,0.53145811,-0.060751697,0.50046405,0.12381593,0.12157231,-0.047761496,0.63429927,-0.076120797,0.064642483,0.23896963,0.92670426,0.041763944,0.060141126,0.48741111,1.0426483,-0.036629788,0.057233797,0.5221708,0.96403297,0.78074863,0.5547855,False,False,0.30987975,3.5788399
binary,binary_primary,Apical Surface,ok,0.047941138,0.04098466,0.24210815,1.0491089,-0.03238732,0.1282696,4.9885532,3,0.17263726,0.00014043265,0.99826558,-0.028303769,0.72409642,0.16273177,0.038645932,-0.024231951,0.78826549,0.033773804,0.060430518,0.57623915,1.0343506,0.14227047,0.055963444,0.011015598,1.1528884,0.070734814,0.049085431,0.1495691,1.0732966,0.60542894,0.53261699,False,False,1.3682769,4.9885532
binary,binary_primary,Apoptosis,ok,0.024013886,0.042213851,0.56944931,1.0243045,-0.058723742,0.10675151,4.9038562,3,0.17897416,-0.018526185,0.7655179,0.027671335,0.75457007,0.18624662,0.028700204,-0.10541128,0.26058075,0.020697259,0.065180388,0.7508353,1.0209129,0.11913401,0.063275992,0.05973182,1.1265209,0.016637499,0.059466799,0.77964787,1.0167767,0.78074863,0.53261699,False,False,0.32360478,4.9038562
binary,binary_primary,Bile Acid Metabolism,ok,-0.055066989,0.043412016,0.20462892,0.94642175,-0.14015298,0.030018998,4.9233675,3,0.17749532,-0.13291006,0.037925342,0.079342498,0.39307257,0.1519597,0.049821887,-0.022391177,0.81463519,0.0044504695,0.068415029,0.94813335,1.0044604,0.028719565,0.058433194,0.62307709,1.0291359,-0.010319623,0.057877045,0.8584854,0.98973344,0.60542894,0.53261699,False,False,1.6090249,4.9233675
binary,binary_primary,Cholesterol Homeostasis,ok,0.041358745,0.043175857,0.33810627,1.0422259,-0.043264379,0.12598187,4.5022782,3,0.21208717,0.0076731588,0.90833163,-0.040278945,0.64454307,0.15309572,0.046226602,-0.048665542,0.59975482,0.0059038901,0.060046114,0.92167613,1.0059214,0.12390126,0.05557333,0.025780037,1.1319041,0.040935641,0.053498,0.4441639,1.0417851,0.67621254,0.53261699,False,False,0.91759868,4.5022782
binary,binary_primary,Coagulation,ok,0.058570582,0.043833219,0.18147918,1.0603198,-0.027340949,0.14448211,3.341526,3,0.3419047,0.02823079,0.66946208,-0.039168518,0.66669337,0.1364343,0.087421388,-0.035916382,0.70120023,0.029073903,0.063147035,0.64521768,1.0295007,0.1348867,0.059994697,0.024556408,1.1444071,0.063579906,0.053361982,0.23346395,1.0656446,0.60542894,0.58949086,False,False,1.7854691,3.341526
binary,binary_primary,Complement,ok,0.035040609,0.042608535,0.41085796,1.0356618,-0.048470585,0.1185518,5.2325661,3,0.15553841,-0.039354338,0.54248105,-0.0014700709,0.98654059,0.16559296,0.03825074,0.015175959,0.86712184,0.05262931,0.062661658,0.4009664,1.0540389,0.13391757,0.059806423,0.025143957,1.1432986,0.086897155,0.054955144,0.11382366,1.0907845,0.7083758,0.53261699,False,False,0.67631665,5.2325661
binary,binary_primary,DNA Repair,ok,-0.21247178,0.050754757,2.8360905e-05,0.80858314,-0.31194927,-0.11299428,0.64226735,3,0.88669165,-0.2378042,0.0018879301,-0.035386873,0.74881358,0.056019305,0.54790699,0.024089737,0.83101355,-0.22709655,0.075883562,0.0027652361,0.79684384,-0.17858978,0.063021402,0.0045998729,0.83644896,-0.19475257,0.074609388,0.0090463962,0.82303828,0.0014180453,0.88669165,True,False,17.524635,0.64226735
binary,binary_primary,E2F Targets,ok,-0.18374494,0.047587733,0.00011283938,0.83214802,-0.27701518,-0.090474699,0.98565654,3,0.8047226,-0.15274017,0.034375074,-0.052427499,0.58088895,0.0035023312,0.96784045,-0.040535299,0.67142503,-0.23439959,0.071408132,0.0010287872,0.79104566,-0.18508305,0.062163672,0.0029075129,0.83103526,-0.21888097,0.066075357,0.00092434376,0.80341734,0.0028209845,0.8382527,True,False,14.908734,0.98565654
binary,binary_primary,Epithelial Mesenchymal Transition,ok,0.047441735,0.047324528,0.31611343,1.0485851,-0.045312635,0.14019611,3.5982065,3,0.30824664,0.016006728,0.80999249,-0.051645406,0.59501087,0.1564098,0.075540608,-0.034908589,0.72956817,0.015017714,0.069321828,0.82849079,1.015131,0.13977953,0.068707667,0.041910321,1.1500202,0.059200573,0.059416358,0.31907125,1.060988,0.67621254,0.5547855,False,False,1.0049595,3.5982065
binary,binary_primary,Estrogen Response Early,ok,0.019020257,0.041234682,0.64460603,1.0192023,-0.061798234,0.099838748,6.0476146,3,0.10931651,-0.005154265,0.93394861,-0.058519457,0.46300709,0.1755634,0.030874004,-0.08214665,0.38088588,-0.039631967,0.058351836,0.49701766,0.96114311,0.11075428,0.058666948,0.059046358,1.1171204,7.2513769e-05,0.057736435,0.9989979,1.0000725,0.80575754,0.53261699,False,False,0.21276857,6.0476146
binary,binary_primary,Estrogen Response Late,ok,0.013531307,0.043302364,0.75467252,1.0136233,-0.071339767,0.098402381,6.5532246,3,0.087586924,-0.034340934,0.58145739,-0.085417356,0.28616995,0.15881128,0.054798379,0.0202734,0.82645806,-0.02576338,0.062629044,0.6808051,0.97456566,0.11201999,0.061395229,0.068065713,1.1185352,0.047638967,0.055921747,0.39427723,1.0487919,0.87862188,0.53261699,False,False,0.097646414,6.5532246
binary,binary_primary,Fatty Acid Metabolism,ok,-0.032313162,0.04917912,0.51114849,0.96820333,-0.12870247,0.064076141,2.5952786,3,0.45831788,-0.094736784,0.20040038,0.075454295,0.44310935,0.11786728,0.14051059,-0.02160173,0.81896773,0.022484871,0.070408267,0.74946122,1.0227396,0.03216266,0.057948213,0.57887811,1.0326855,0.0035388431,0.06042491,0.95329782,1.0035451,0.75655786,0.65473983,False,False,0.43171527,2.5952786
binary,binary_primary,G2-M Checkpoint,ok,-0.14961432,0.045702872,0.0010617532,0.86104,-0.2391903,-0.060038336,0.75007755,3,0.86136667,-0.12687916,0.069282067,-0.025660707,0.7726387,0.015539162,0.8539251,-0.052132027,0.55956114,-0.18467963,0.067497335,0.0062171662,0.83137059,-0.14607524,0.059968474,0.014856138,0.86409269,-0.18220494,0.06217415,0.0033835415,0.83343052,0.017695887,0.87894558,True,False,10.716657,0.75007755
binary,binary_primary,Glycolysis,ok,-0.060521823,0.04838328,0.21097716,0.94127323,-0.15535131,0.034307663,5.5833254,3,0.13373892,-0.1109333,0.12828726,-0.053085272,0.52963346,0.16421609,0.047584061,-0.0095858542,0.91624091,-0.090160085,0.067045447,0.17870251,0.91378489,0.033734643,0.058024235,0.56097842,1.0343101,-0.037911692,0.057683783,0.51103104,0.96279796,0.60542894,0.53261699,False,False,1.5647083,5.5833254
binary,binary_primary,Hedgehog Signaling,ok,-0.04186373,0.041931157,0.31808933,0.95900045,-0.12404729,0.040319827,1.0825796,3,0.78128102,-0.063359426,0.29709049,-0.015869216,0.85723902,0.076268204,0.30956764,-0.013899694,0.86921494,-0.052142638,0.070968038,0.46250144,0.94919347,0.0011910385,0.063496447,0.98503451,1.0011917,-0.034205731,0.061300418,0.5768433,0.96637267,0.67621254,0.83115002,False,False,0.9967865,1.0825796
binary,binary_primary,Hypoxia,ok,0.073117109,0.047726081,0.12551854,1.0758565,-0.020424291,0.16665851,6.7258655,3,0.081168106,0.028402485,0.68407831,-0.050438451,0.57560443,0.21027972,0.015759153,-0.059252176,0.55418353,0.036656095,0.066785696,0.58310053,1.0373362,0.19341424,0.063892202,0.0024683351,1.2133853,0.084286409,0.059895464,0.1593606,1.0879404,0.60542894,0.53261699,False,False,2.3470723,6.7258655
binary,binary_primary,IL-2/STAT5 Signaling,ok,0.031536386,0.042463425,0.45768044,1.0320389,-0.051690397,0.11476317,3.95551,3,0.26630849,-0.0040088498,0.95084556,0.0097413078,0.90732797,0.15921837,0.050966521,-0.080437684,0.39205931,0.022999405,0.060726576,0.70488313,1.0232659,0.11503893,0.060647622,0.057848862,1.1219171,0.02830444,0.055877114,0.612472,1.0287088,0.7413806,0.53261699,False,False,0.55156133,3.95551
binary,binary_primary,IL-6/JAK/STAT3 Signaling,ok,0.037756869,0.042318586,0.37228287,1.0384787,-0.045186035,0.12069977,1.6496288,3,0.6481899,0.011062288,0.86229857,0.014972692,0.86635005,0.10247344,0.20286051,-0.04778625,0.59773844,0.04019103,0.063368612,0.52592295,1.0410096,0.092170771,0.062224451,0.13853653,1.0965521,0.040486268,0.057522886,0.48153935,1.041317,0.68941273,0.7423921,False,False,0.7960304,1.6496288
binary,binary_primary,Inflammatory Response,ok,0.053344754,0.043811054,0.22337241,1.0547932,-0.032523334,0.13921284,4.597568,3,0.20375081,-0.0027565634,0.96639172,0.044053449,0.62752467,0.17722997,0.032314795,-0.070319605,0.46024236,0.075196723,0.065218731,0.24891336,1.0780962,0.14902591,0.062812289,0.017665303,1.1607031,0.070148208,0.057651757,0.22369649,1.0726671,0.60542894,0.53261699,False,False,1.4825728,4.597568
binary,binary_primary,Interferon Alpha Response,ok,-0.0019875028,0.039723709,0.96009596,0.99801447,-0.079844542,0.075869536,4.3809535,3,0.22315796,-0.057297365,0.33450228,0.095641093,0.24901259,-0.024976882,0.73593524,0.09745579,0.2831352,0.10043894,0.063863579,0.11578579,1.1056561,-0.0043683193,0.053988322,0.9355117,0.99564121,0.07431314,0.061477634,0.22674609,1.077144,0.96009596,0.53261699,False,False,0.0025033174,4.3809535
binary,binary_primary,Interferon Gamma Response,ok,0.011730716,0.04063368,0.77281525,1.0117998,-0.067909834,0.091371266,2.8190387,3,0.42037538,-0.05280402,0.38964442,0.082093214,0.31675514,0.051601834,0.50260233,0.046777443,0.59936427,0.09053016,0.060873844,0.13696816,1.0947545,0.04603841,0.05788473,0.42641205,1.0471146,0.072629773,0.058956436,0.21797795,1.0753323,0.87862188,0.65473983,False,False,0.083344459,2.8190387
binary,binary_primary,KRAS Signaling Dn,ok,0.0078524575,0.044487174,0.85989283,1.0078834,-0.079340801,0.095045716,1.9934442,3,0.5737685,0.043754158,0.50630347,-0.10242867,0.27363324,0.0046699448,0.95671018,-0.022560513,0.83402187,-0.073598992,0.071236883,0.30152973,0.92904417,0.0085419847,0.059746937,0.88631434,1.0085786,-0.030299968,0.064636566,0.6392309,0.97015447,0.93466612,0.69098989,False,False,0.03115599,1.9934442
binary,binary_primary,KRAS Signaling Up,ok,0.02781831,0.043837465,0.52570339,1.0282089,-0.058101542,0.11373816,6.0033955,3,0.11144514,-0.011862125,0.85196766,-0.047035451,0.60332453,0.18487118,0.025556676,-0.05243297,0.58475763,-0.0075573876,0.068833054,0.91257354,0.9924711,0.13229731,0.062943313,0.035566544,1.1414476,0.035492841,0.057383327,0.53623141,1.0361302,0.75655786,0.53261699,False,False,0.4026898,6.0033955
binary,binary_primary,Mitotic Spindle,ok,-0.11992641,0.039406163,0.0023396662,0.88698571,-0.19716107,-0.042691753,4.3234625,3,0.22858798,-0.061168397,0.32624403,0.0093674777,0.9093994,0.0097378351,0.90311709,-0.15614672,0.066263538,-0.16626128,0.058518769,0.0044949529,0.84682495,-0.13200687,0.055874195,0.018148566,0.87633498,-0.20573932,0.055621547,0.00021652387,0.81404525,0.029245827,0.53261699,True,False,9.2619278,4.3234625
binary,binary_primary,Myc Targets V1,ok,-0.14164264,0.051054598,0.0055314422,0.86793137,-0.24170781,-0.041577464,2.0165052,3,0.56898806,-0.12119788,0.12223316,-0.15171423,0.15700691,-0.019980018,0.82553656,0.073630777,0.47069684,-0.22654566,0.085154237,0.0078044287,0.79728294,-0.14326335,0.066793358,0.031962904,0.86652584,-0.14200709,0.072022196,0.048642393,0.8676151,0.055314422,0.69098989,False,False,7.6969433,2.0165052
binary,binary_primary,Myc Targets V2,ok,-0.062268436,0.04346426,0.15196207,0.93963062,-0.14745682,0.022919949,2.7105994,3,0.43842904,-0.082134436,0.23383148,-0.12102503,0.19211634,0.018795575,0.80537198,0.11281365,0.18674411,-0.10769394,0.072417743,0.13698289,0.89790237,-0.036214303,0.056628646,0.52249446,0.96443359,-0.021193996,0.06150163,0.73038858,0.97902902,0.60542894,0.65473983,False,False,2.052444,2.7105994
binary,binary_primary,Myogenesis,ok,0.030075143,0.047842266,0.5295905,1.030532,-0.063693975,0.12384426,5.1991599,3,0.15778122,0.014539105,0.82335991,-0.066736831,0.46132351,0.16837513,0.049328391,-0.087930124,0.39811149,-0.036127281,0.067047215,0.59000179,0.96451752,0.11794449,0.069013773,0.087451072,1.1251817,0.0047424854,0.064716056,0.94158216,1.0047537,0.75655786,0.53261699,False,False,0.39517724,5.1991599
binary,binary_primary,Notch Signaling,ok,0.0048922442,0.04038356,0.90357662,1.0049042,-0.074258079,0.084042567,6.3903961,3,0.094086689,-0.069579999,0.28780083,0.14845829,0.067002449,0.1501049,0.055175061,-0.094324855,0.29999634,0.081032111,0.057040161,0.1554287,1.0844057,0.070707807,0.058211274,0.22448989,1.0732676,0.016698793,0.058609362,0.77570787,1.016839,0.96009596,0.53261699,False,False,0.014675978,6.3903961
binary,binary_primary,Oxidative Phosphorylation,ok,-0.068294847,0.049480381,0.16751247,0.93398505,-0.16527461,0.028684917,4.1956528,3,0.24109749,-0.12130999,0.094070714,-0.10107895,0.32741303,0.078661476,0.36531374,0.13085463,0.19914733,-0.083547729,0.086416029,0.3336399,0.91984718,-0.00049223262,0.059856345,0.99343862,0.99950789,0.0087532212,0.075759966,0.90801801,1.0087916,0.60542894,0.53261699,False,False,1.905065,4.1956528
binary,binary_primary,PI3K/AKT/mTOR  Signaling,ok,-0.079571497,0.041816474,0.057056938,0.92351199,-0.16153028,0.0023872856,2.9567052,3,0.39834867,-0.07284914,0.2588818,-0.049989957,0.58677029,0.11557043,0.17782981,-0.08962867,0.35174891,-0.13417028,0.065562829,0.040713278,0.87444115,-0.018595679,0.062626475,0.76651996,0.98157615,-0.11107959,0.059186337,0.060548579,0.89486752,0.40754956,0.64249785,False,False,3.6209309,2.9567052
binary,binary_primary,Pancreas Beta Cells,ok,0.026827587,0.039835089,0.50065072,1.0271907,-0.051247752,0.10490293,1.5408546,3,0.67287371,0.014970936,0.81172225,-0.067476848,0.38051325,0.055108531,0.46745579,0.015728334,0.85117869,-0.013248583,0.059879324,0.8248941,0.98683879,0.060091328,0.050610483,0.23509761,1.0619335,0.03192513,0.049129986,0.51581531,1.0324402,0.75655786,0.74763745,False,False,0.45355677,1.5408546
binary,binary_primary,Pperoxisome,ok,-0.054659847,0.04532358,0.22782082,0.94680715,-0.14349243,0.034172739,3.1782986,3,0.36494351,-0.091579332,0.17040885,-0.1014309,0.22080568,0.084320228,0.31919438,0.067250351,0.45475386,-0.099956378,0.068255701,0.14307377,0.90487689,0.00094143508,0.060047183,0.98749107,1.0009419,-0.02148562,0.059600512,0.71847783,0.97874355,0.60542894,0.60823919,False,False,1.4544152,3.1782986
binary,binary_primary,Protein Secretion,ok,-0.068681285,0.043926411,0.11792251,0.93362419,-0.15477547,0.017412898,1.6269039,3,0.65330505,-0.082982405,0.19782263,0.053571164,0.5896266,-0.056806487,0.50216991,0.05590128,0.55269624,-0.014792936,0.067666528,0.82694976,0.98531594,-0.095452344,0.063179138,0.13083416,0.90896168,-0.036872996,0.060930321,0.54506829,0.96379853,0.60542894,0.7423921,False,False,2.444699,1.6269039
binary,binary_primary,Reactive Oxygen Species Pathway,ok,-0.042640831,0.043644149,0.32856351,0.9582555,-0.12818179,0.042900129,6.7932201,3,0.078788888,-0.13312503,0.039141348,0.10149035,0.25086218,0.1848289,0.015539955,-0.04756556,0.62506704,0.023402632,0.0638318,0.71389527,1.0236786,0.053998781,0.059755607,0.36617546,1.0554833,-0.0016890508,0.061692846,0.97815793,0.99831237,0.67621254,0.53261699,False,False,0.95455128,6.7932201
binary,binary_primary,Spermatogenesis,ok,-0.062186991,0.042403212,0.14249492,0.93970715,-0.14529576,0.020921778,1.9615207,3,0.58043151,-0.0088569199,0.88913255,-0.041156442,0.60789411,-0.00031622068,0.9968702,-0.090117823,0.34631321,-0.11900712,0.068030251,0.080234602,0.88780148,-0.068346814,0.054754696,0.21194443,0.93393651,-0.12114633,0.060671156,0.045850206,0.88590432,0.60542894,0.69098989,False,False,2.1508076,1.9615207
binary,binary_primary,TGF-beta Signaling,ok,0.087989959,0.045658806,0.053964784,1.0919772,-0.0014996564,0.17747957,4.0535578,3,0.25573863,0.14376041,0.041074217,-0.016101131,0.87338907,0.05390231,0.5852905,-0.19596139,0.088852705,0.0046189255,0.066652671,0.94475207,1.0046296,0.088960651,0.070817293,0.20904364,1.0930376,-0.02437972,0.065374704,0.70920588,0.97591506,0.40754956,0.53261699,False,False,3.7137882,4.0535578
binary,binary_primary,TNF-alpha Signaling via NF-kB,ok,0.070719891,0.043373291,0.10299713,1.0732805,-0.014290197,0.15572998,4.0402809,3,0.25714725,0.037347465,0.5687252,0.022438831,0.80266736,0.1654802,0.04897417,-0.10220011,0.29454484,0.063525341,0.061542684,0.30197096,1.0655865,0.15452689,0.061769619,0.012361084,1.1671057,0.058902701,0.057937188,0.3093129,1.060672,0.60542894,0.53261699,False,False,2.6585107,4.0402809
binary,binary_primary,UV Response Dn,ok,0.040085608,0.044343389,0.36600516,1.0408999,-0.046825839,0.12699705,2.2708279,3,0.51813254,0.013017276,0.8440054,-0.0010546346,0.99036084,0.12484165,0.13372718,-0.057764357,0.53475515,0.029554607,0.066520963,0.65683284,1.0299957,0.10682088,0.064590653,0.098165459,1.1127349,0.039022148,0.058960634,0.50807766,1.0397935,0.68941273,0.68175334,False,False,0.81718271,2.2708279
binary,binary_primary,UV Response Up,ok,0.022055282,0.044181614,0.61764136,1.0223003,-0.064539091,0.10864965,7.1549622,3,0.06711923,0.043532928,0.51728423,-0.17916925,0.020766505,0.048364828,0.51556108,0.031140133,0.73083626,-0.0879403,0.061519981,0.15287231,0.91581555,0.059721442,0.053874675,0.26763501,1.0615408,0.011752837,0.053599332,0.82643811,1.0118222,0.7918479,0.53261699,False,False,0.24919658,7.1549622
binary,binary_primary,Unfolded Protein Response,ok,-0.0041695632,0.044908722,0.92602647,0.99583912,-0.09218904,0.083849914,1.9681144,3,0.57905099,-0.05574842,0.42253732,-0.03333379,0.72424623,0.043358961,0.62482998,0.10236396,0.28391827,0.010544205,0.07359564,0.88607526,1.0106,0.0330339,0.063608484,0.60352948,1.0335856,0.058120599,0.05986496,0.33161713,1.0598428,0.96009596,0.69098989,False,False,0.0086202476,1.9681144
binary,binary_primary,Wnt-beta Catenin Signaling,ok,-0.0027463455,0.041495905,0.94723171,0.99725742,-0.084076825,0.078584134,1.4704392,3,0.68910957,0.026600391,0.66775799,-0.069453486,0.40978848,0.023791193,0.75291917,-0.040518087,0.65725553,-0.062042004,0.068058177,0.36197801,0.93984341,0.009922586,0.056147974,0.85972671,1.009972,-0.034901626,0.059840876,0.55973137,0.96570041,0.96009596,0.74903214,False,False,0.0043802599,1.4704392
binary,binary_primary,Xenobiotic Metabolism,ok,0.0086672749,0.042589374,0.83873805,1.0087049,-0.074806363,0.092140913,2.3704004,3,0.49916837,-0.022577262,0.72727385,0.0059580549,0.94734814,0.11159017,0.1296592,-0.046701572,0.60145734,0.0028722668,0.063989175,0.96419757,1.0028764,0.065772398,0.054997563,0.23172982,1.0679836,0.0092803124,0.052872608,0.86066939,1.0093235,0.93193117,0.67455185,False,False,0.041415474,2.3704004
binary,binary_primary,heme Metabolism,ok,-0.01370325,0.042844122,0.74908987,0.98639021,-0.097676186,0.070269686,5.0785046,3,0.16613808,-0.085344059,0.13857129,0.010071565,0.90246964,0.12477219,0.097358848,0.05371169,0.55479128,0.027437266,0.064674547,0.67139377,1.0278171,0.070762332,0.060379095,0.24121014,1.0733261,0.058026036,0.054577293,0.28769576,1.0597426,0.87862188,0.53261699,False,False,0.10229742,5.0785046
binary,binary_primary,mTORC1 Signaling,ok,-0.041072312,0.048844706,0.40041774,0.95975973,-0.13680618,0.054661553,2.6452684,3,0.44960863,-0.096683083,0.19150405,0.036359519,0.68479243,0.13346437,0.11297843,-0.030861626,0.72680463,-0.017919002,0.07218796,0.80395876,0.98224059,0.030245798,0.05848952,0.605076,1.0307078,-0.017989373,0.059357592,0.76183822,0.98217147,0.7083758,0.65473983,False,False,0.70707144,2.6452684
binary,binary_primary,p53 Pathway,ok,0.044002011,0.043715578,0.31415001,1.0449845,-0.041678947,0.12968297,3.743241,3,0.29055754,0.06729088,0.31135693,-0.0029210639,0.97520199,0.095186127,0.25994342,-0.15813507,0.12133239,-0.0093677357,0.066117543,0.88733036,0.990676,0.077498351,0.061350027,0.20651148,1.0805805,-0.028103384,0.060472027,0.64212223,0.97228784,0.67621254,0.5547855,False,False,1.0131473,3.743241
