family,analysis,role,pathway,status,cd38_pooled_rna_patients,cd38_pooled_events,cd38_support_tier,bh_family,CD38_interaction_estimate,CD38_interaction_se_robust,CD38_interaction_p,CD38_interaction_ci_lo,CD38_interaction_ci_hi,CD38_interaction_ratio_of_odds_ratios,slope_CD38_off,slope_CD38_off_se,slope_CD38_off_p,slope_CD38_on,slope_CD38_on_se,slope_CD38_on_p,slope_CD38_on_odds_ratio,slope_definition,CD38_interaction_q_bh,CD38_interaction_q_lt_0.05_exploratory
binary,binary_exploratory_tier2_cd38_interaction,exploratory_tier2,Adipogenesis,ok,148,125,2,"exploratory Tier-2 pathway x CD38 interaction, 50 pathways (separate from primary B1/B2)",0.38427281,0.1405533,0.0062569928,0.1087934,0.65975221,1.468546,-0.039135852,0.048252147,0.41732567,0.33923101,0.12943186,0.0087691907,1.4038676,pathway slope among rows with CD38 off/on at those rows' average PI/IMiD/steroid mix (descriptive); TARGET = CD38_interaction_*,0.31284964,False
binary,binary_exploratory_tier2_cd38_interaction,exploratory_tier2,Allograft Rejection,ok,148,125,2,"exploratory Tier-2 pathway x CD38 interaction, 50 pathways (separate from primary B1/B2)",0.14894608,0.13934251,0.28510544,-0.12416022,0.42205238,1.1606104,0.012368073,0.043786447,0.77758813,0.17858241,0.13341581,0.18072043,1.1955214,pathway slope among rows with CD38 off/on at those rows' average PI/IMiD/steroid mix (descriptive); TARGET = CD38_interaction_*,0.6508706,False
binary,binary_exploratory_tier2_cd38_interaction,exploratory_tier2,Androgen Response,ok,148,125,2,"exploratory Tier-2 pathway x CD38 interaction, 50 pathways (separate from primary B1/B2)",0.12713493,0.12251372,0.29940048,-0.11298755,0.3672574,1.1355702,0.046711431,0.046980375,0.3200888,0.19885281,0.10888846,0.067819154,1.2200024,pathway slope among rows with CD38 off/on at those rows' average PI/IMiD/steroid mix (descriptive); TARGET = CD38_interaction_*,0.6508706,False
binary,binary_exploratory_tier2_cd38_interaction,exploratory_tier2,Angiogenesis,ok,148,125,2,"exploratory Tier-2 pathway x CD38 interaction, 50 pathways (separate from primary B1/B2)",0.033159866,0.16283496,0.83863409,-0.28599079,0.35231052,1.0337158,0.057759933,0.04750821,0.22406552,0.065194005,0.15398362,0.67201604,1.0673661,pathway slope among rows with CD38 off/on at those rows' average PI/IMiD/steroid mix (descriptive); TARGET = CD38_interaction_*,0.90132466,False
binary,binary_exploratory_tier2_cd38_interaction,exploratory_tier2,Apical Junction,ok,148,125,2,"exploratory Tier-2 pathway x CD38 interaction, 50 pathways (separate from primary B1/B2)",0.080020952,0.15423166,0.60387506,-0.22226756,0.38230946,1.0833098,-0.019749545,0.044909688,0.66010996,0.058429892,0.14391308,0.68473657,1.0601707,pathway slope among rows with CD38 off/on at those rows' average PI/IMiD/steroid mix (descriptive); TARGET = CD38_interaction_*,0.8019001,False
binary,binary_exploratory_tier2_cd38_interaction,exploratory_tier2,Apical Surface,ok,148,125,2,"exploratory Tier-2 pathway x CD38 interaction, 50 pathways (separate from primary B1/B2)",0.04823539,0.12515759,0.69994313,-0.19706899,0.29353977,1.0494176,0.057258395,0.044163219,0.19479719,0.11704976,0.11648108,0.31495361,1.1241754,pathway slope among rows with CD38 off/on at those rows' average PI/IMiD/steroid mix (descriptive); TARGET = CD38_interaction_*,0.87492892,False
binary,binary_exploratory_tier2_cd38_interaction,exploratory_tier2,Apoptosis,ok,148,125,2,"exploratory Tier-2 pathway x CD38 interaction, 50 pathways (separate from primary B1/B2)",0.082811732,0.14822186,0.57636566,-0.20769778,0.37332124,1.0863373,0.034522937,0.044002004,0.43270193,0.10216958,0.14117578,0.46924702,1.1075713,pathway slope among rows with CD38 off/on at those rows' average PI/IMiD/steroid mix (descriptive); TARGET = CD38_interaction_*,0.8019001,False
binary,binary_exploratory_tier2_cd38_interaction,exploratory_tier2,Bile Acid Metabolism,ok,148,125,2,"exploratory Tier-2 pathway x CD38 interaction, 50 pathways (separate from primary B1/B2)",0.28507515,0.13814414,0.039055034,0.014317616,0.55583268,1.329862,-0.067703407,0.046652643,0.14671767,0.21144198,0.12273376,0.084930214,1.2354583,pathway slope among rows with CD38 off/on at those rows' average PI/IMiD/steroid mix (descriptive); TARGET = CD38_interaction_*,0.43087912,False
binary,binary_exploratory_tier2_cd38_interaction,exploratory_tier2,Cholesterol Homeostasis,ok,148,125,2,"exploratory Tier-2 pathway x CD38 interaction, 50 pathways (separate from primary B1/B2)",0.14492323,0.13807365,0.29389829,-0.12569614,0.41554261,1.1559508,0.041913766,0.045187598,0.35364094,0.18592746,0.130619,0.15461053,1.2043349,pathway slope among rows with CD38 off/on at those rows' average PI/IMiD/steroid mix (descriptive); TARGET = CD38_interaction_*,0.6508706,False
binary,binary_exploratory_tier2_cd38_interaction,exploratory_tier2,Coagulation,ok,148,125,2,"exploratory Tier-2 pathway x CD38 interaction, 50 pathways (separate from primary B1/B2)",0.23709233,0.14239574,0.095907949,-0.041998182,0.51618284,1.2675581,0.054978396,0.046206335,0.23410715,0.28878889,0.13437239,0.031621062,1.3348099,pathway slope among rows with CD38 off/on at those rows' average PI/IMiD/steroid mix (descriptive); TARGET = CD38_interaction_*,0.43594522,False
binary,binary_exploratory_tier2_cd38_interaction,exploratory_tier2,Complement,ok,148,125,2,"exploratory Tier-2 pathway x CD38 interaction, 50 pathways (separate from primary B1/B2)",0.2597199,0.14248874,0.068342809,-0.019552901,0.53899271,1.2965669,0.028974973,0.044761731,0.51742761,0.307227,0.13802175,0.026018747,1.3596496,pathway slope among rows with CD38 off/on at those rows' average PI/IMiD/steroid mix (descriptive); TARGET = CD38_interaction_*,0.43087912,False
binary,binary_exploratory_tier2_cd38_interaction,exploratory_tier2,DNA Repair,ok,148,125,2,"exploratory Tier-2 pathway x CD38 interaction, 50 pathways (separate from primary B1/B2)",0.023374918,0.16326585,0.88615521,-0.29662026,0.34337009,1.0236503,-0.21393474,0.05211957,4.0485516e-05,-0.17540571,0.14678622,0.23209719,0.83911651,pathway slope among rows with CD38 off/on at those rows' average PI/IMiD/steroid mix (descriptive); TARGET = CD38_interaction_*,0.92307835,False
binary,binary_exploratory_tier2_cd38_interaction,exploratory_tier2,E2F Targets,ok,148,125,2,"exploratory Tier-2 pathway x CD38 interaction, 50 pathways (separate from primary B1/B2)",-0.2702711,0.17140193,0.11483547,-0.60621271,0.065670518,0.76317257,-0.16263192,0.049435698,0.0010027046,-0.42787425,0.16049687,0.0076774507,0.65189338,pathway slope among rows with CD38 off/on at those rows' average PI/IMiD/steroid mix (descriptive); TARGET = CD38_interaction_*,0.4679773,False
binary,binary_exploratory_tier2_cd38_interaction,exploratory_tier2,Epithelial Mesenchymal Transition,ok,148,125,2,"exploratory Tier-2 pathway x CD38 interaction, 50 pathways (separate from primary B1/B2)",0.10244431,0.14634883,0.48392672,-0.18439411,0.38928274,1.1078756,0.05756936,0.049190998,0.24187098,0.16650556,0.13990622,0.23399821,1.1811701,pathway slope among rows with CD38 off/on at those rows' average PI/IMiD/steroid mix (descriptive); TARGET = CD38_interaction_*,0.8019001,False
binary,binary_exploratory_tier2_cd38_interaction,exploratory_tier2,Estrogen Response Early,ok,148,125,2,"exploratory Tier-2 pathway x CD38 interaction, 50 pathways (separate from primary B1/B2)",-0.028375809,0.14694221,0.84687389,-0.31637724,0.25962562,0.972023,0.034788145,0.043874507,0.42783544,0.005525212,0.13504155,0.96736373,1.0055405,pathway slope among rows with CD38 off/on at those rows' average PI/IMiD/steroid mix (descriptive); TARGET = CD38_interaction_*,0.90132466,False
binary,binary_exploratory_tier2_cd38_interaction,exploratory_tier2,Estrogen Response Late,ok,148,125,2,"exploratory Tier-2 pathway x CD38 interaction, 50 pathways (separate from primary B1/B2)",0.10430535,0.14305913,0.46593649,-0.17608539,0.38469609,1.1099393,0.018150245,0.045618401,0.69072518,0.14653671,0.13276808,0.26972142,1.1578174,pathway slope among rows with CD38 off/on at those rows' average PI/IMiD/steroid mix (descriptive); TARGET = CD38_interaction_*,0.8019001,False
binary,binary_exploratory_tier2_cd38_interaction,exploratory_tier2,Fatty Acid Metabolism,ok,148,125,2,"exploratory Tier-2 pathway x CD38 interaction, 50 pathways (separate from primary B1/B2)",0.23452074,0.1553078,0.13103364,-0.069876965,0.53891844,1.2643027,-0.03997218,0.051538109,0.43799411,0.1891839,0.1402348,0.17732057,1.2082631,pathway slope among rows with CD38 off/on at those rows' average PI/IMiD/steroid mix (descriptive); TARGET = CD38_interaction_*,0.4679773,False
binary,binary_exploratory_tier2_cd38_interaction,exploratory_tier2,G2-M Checkpoint,ok,148,125,2,"exploratory Tier-2 pathway x CD38 interaction, 50 pathways (separate from primary B1/B2)",-0.21027875,0.17108871,0.21904832,-0.54560647,0.12504897,0.81035833,-0.13153089,0.047326814,0.0054492218,-0.34414632,0.16105575,0.032613047,0.7088252,pathway slope among rows with CD38 off/on at those rows' average PI/IMiD/steroid mix (descriptive); TARGET = CD38_interaction_*,0.64425978,False
binary,binary_exploratory_tier2_cd38_interaction,exploratory_tier2,Glycolysis,ok,148,125,2,"exploratory Tier-2 pathway x CD38 interaction, 50 pathways (separate from primary B1/B2)",0.030472237,0.15818676,0.84724518,-0.27956812,0.34051259,1.0309413,-0.05297751,0.050106019,0.29037091,-0.0042256861,0.14864658,0.977321,0.99578323,pathway slope among rows with CD38 off/on at those rows' average PI/IMiD/steroid mix (descriptive); TARGET = CD38_interaction_*,0.90132466,False
binary,binary_exploratory_tier2_cd38_interaction,exploratory_tier2,Hedgehog Signaling,ok,148,125,2,"exploratory Tier-2 pathway x CD38 interaction, 50 pathways (separate from primary B1/B2)",0.041680975,0.12008203,0.72851306,-0.19367549,0.27703744,1.0425618,-0.039683963,0.04530768,0.38109681,0.0054104186,0.10845422,0.96021271,1.0054251,pathway slope among rows with CD38 off/on at those rows' average PI/IMiD/steroid mix (descriptive); TARGET = CD38_interaction_*,0.88843056,False
binary,binary_exploratory_tier2_cd38_interaction,exploratory_tier2,Hypoxia,ok,148,125,2,"exploratory Tier-2 pathway x CD38 interaction, 50 pathways (separate from primary B1/B2)",0.098309613,0.16250354,0.54519955,-0.22019147,0.4168107,1.1033043,0.086928192,0.049470661,0.07888942,0.18893416,0.15230596,0.21479387,1.2079614,pathway slope among rows with CD38 off/on at those rows' average PI/IMiD/steroid mix (descriptive); TARGET = CD38_interaction_*,0.8019001,False
binary,binary_exploratory_tier2_cd38_interaction,exploratory_tier2,IL-2/STAT5 Signaling,ok,148,125,2,"exploratory Tier-2 pathway x CD38 interaction, 50 pathways (separate from primary B1/B2)",0.094720535,0.14672078,0.51854903,-0.1928469,0.38228797,1.0993516,0.039371117,0.04523089,0.38405588,0.12363899,0.14010782,0.37753027,1.1316073,pathway slope among rows with CD38 off/on at those rows' average PI/IMiD/steroid mix (descriptive); TARGET = CD38_interaction_*,0.8019001,False
binary,binary_exploratory_tier2_cd38_interaction,exploratory_tier2,IL-6/JAK/STAT3 Signaling,ok,148,125,2,"exploratory Tier-2 pathway x CD38 interaction, 50 pathways (separate from primary B1/B2)",0.25751335,0.14158355,0.068940659,-0.019985302,0.53501201,1.2937091,0.03148637,0.044814793,0.48231207,0.2777605,0.13502482,0.039675938,1.32017,pathway slope among rows with CD38 off/on at those rows' average PI/IMiD/steroid mix (descriptive); TARGET = CD38_interaction_*,0.43087912,False
binary,binary_exploratory_tier2_cd38_interaction,exploratory_tier2,Inflammatory Response,ok,148,125,2,"exploratory Tier-2 pathway x CD38 interaction, 50 pathways (separate from primary B1/B2)",0.29001185,0.15351786,0.058877323,-0.010877618,0.59090132,1.3364433,0.053337073,0.046254309,0.24885844,0.33392631,0.14701731,0.023126397,1.3964402,pathway slope among rows with CD38 off/on at those rows' average PI/IMiD/steroid mix (descriptive); TARGET = CD38_interaction_*,0.43087912,False
binary,binary_exploratory_tier2_cd38_interaction,exploratory_tier2,Interferon Alpha Response,ok,148,125,2,"exploratory Tier-2 pathway x CD38 interaction, 50 pathways (separate from primary B1/B2)",0.23298265,0.16364398,0.15452852,-0.087753649,0.55371896,1.2623596,-0.020820815,0.041455693,0.61549689,0.2304829,0.15796997,0.14455688,1.2592079,pathway slope among rows with CD38 off/on at those rows' average PI/IMiD/steroid mix (descriptive); TARGET = CD38_interaction_*,0.48290161,False
binary,binary_exploratory_tier2_cd38_interaction,exploratory_tier2,Interferon Gamma Response,ok,148,125,2,"exploratory Tier-2 pathway x CD38 interaction, 50 pathways (separate from primary B1/B2)",0.22552388,0.14847134,0.12876942,-0.065474601,0.51652237,1.252979,-0.002333277,0.043267821,0.95699382,0.2356671,0.14166579,0.096203832,1.2657529,pathway slope among rows with CD38 off/on at those rows' average PI/IMiD/steroid mix (descriptive); TARGET = CD38_interaction_*,0.4679773,False
binary,binary_exploratory_tier2_cd38_interaction,exploratory_tier2,KRAS Signaling Dn,ok,148,125,2,"exploratory Tier-2 pathway x CD38 interaction, 50 pathways (separate from primary B1/B2)",-0.11767968,0.15516328,0.44819669,-0.42179412,0.18643475,0.88898076,0.017569711,0.046306685,0.70437554,-0.097844515,0.15055016,0.51574838,0.90678989,pathway slope among rows with CD38 off/on at those rows' average PI/IMiD/steroid mix (descriptive); TARGET = CD38_interaction_*,0.80035124,False
binary,binary_exploratory_tier2_cd38_interaction,exploratory_tier2,KRAS Signaling Up,ok,148,125,2,"exploratory Tier-2 pathway x CD38 interaction, 50 pathways (separate from primary B1/B2)",0.13044524,0.14012314,0.35188827,-0.14419106,0.40508154,1.1393355,0.036184593,0.046304893,0.43454252,0.16836829,0.12962315,0.19397618,1.1833724,pathway slope among rows with CD38 off/on at those rows' average PI/IMiD/steroid mix (descriptive); TARGET = CD38_interaction_*,0.70377653,False
binary,binary_exploratory_tier2_cd38_interaction,exploratory_tier2,Mitotic Spindle,ok,148,125,2,"exploratory Tier-2 pathway x CD38 interaction, 50 pathways (separate from primary B1/B2)",-0.039928566,0.15038954,0.79062358,-0.33468666,0.25482952,0.96085807,-0.10640455,0.042030341,0.011353927,-0.19623136,0.13945867,0.15939972,0.82182207,pathway slope among rows with CD38 off/on at those rows' average PI/IMiD/steroid mix (descriptive); TARGET = CD38_interaction_*,0.89973067,False
binary,binary_exploratory_tier2_cd38_interaction,exploratory_tier2,Myc Targets V1,ok,148,125,2,"exploratory Tier-2 pathway x CD38 interaction, 50 pathways (separate from primary B1/B2)",-0.19716763,0.16768042,0.23965338,-0.52581521,0.13147995,0.82105299,-0.13192657,0.052578825,0.012103245,-0.28870107,0.15930956,0.069955032,0.74923614,pathway slope among rows with CD38 off/on at those rows' average PI/IMiD/steroid mix (descriptive); TARGET = CD38_interaction_*,0.6508706,False
binary,binary_exploratory_tier2_cd38_interaction,exploratory_tier2,Myc Targets V2,ok,148,125,2,"exploratory Tier-2 pathway x CD38 interaction, 50 pathways (separate from primary B1/B2)",-0.0090161572,0.13637697,0.94728864,-0.27631011,0.25827779,0.99102437,-0.065094866,0.045703927,0.15436748,-0.028994275,0.12678619,0.81911268,0.97142203,pathway slope among rows with CD38 off/on at those rows' average PI/IMiD/steroid mix (descriptive); TARGET = CD38_interaction_*,0.94728864,False
binary,binary_exploratory_tier2_cd38_interaction,exploratory_tier2,Myogenesis,ok,148,125,2,"exploratory Tier-2 pathway x CD38 interaction, 50 pathways (separate from primary B1/B2)",0.01347623,0.17859047,0.93984965,-0.33655466,0.36350712,1.0135674,0.044151109,0.049287807,0.37036944,0.051541223,0.17296804,0.76571751,1.0528926,pathway slope among rows with CD38 off/on at those rows' average PI/IMiD/steroid mix (descriptive); TARGET = CD38_interaction_*,0.94728864,False
binary,binary_exploratory_tier2_cd38_interaction,exploratory_tier2,Notch Signaling,ok,148,125,2,"exploratory Tier-2 pathway x CD38 interaction, 50 pathways (separate from primary B1/B2)",0.24951955,0.13418278,0.06294927,-0.013473876,0.51251297,1.2834086,-0.012466923,0.044874538,0.78115261,0.20839777,0.12244943,0.088772473,1.231703,pathway slope among rows with CD38 off/on at those rows' average PI/IMiD/steroid mix (descriptive); TARGET = CD38_interaction_*,0.43087912,False
binary,binary_exploratory_tier2_cd38_interaction,exploratory_tier2,Oxidative Phosphorylation,ok,148,125,2,"exploratory Tier-2 pathway x CD38 interaction, 50 pathways (separate from primary B1/B2)",-0.11951306,0.14074969,0.39581575,-0.39537738,0.15635125,0.88735242,-0.056353654,0.049895151,0.25871164,-0.11274225,0.13052383,0.38771557,0.8933809,pathway slope among rows with CD38 off/on at those rows' average PI/IMiD/steroid mix (descriptive); TARGET = CD38_interaction_*,0.7551132,False
binary,binary_exploratory_tier2_cd38_interaction,exploratory_tier2,PI3K/AKT/mTOR  Signaling,ok,148,125,2,"exploratory Tier-2 pathway x CD38 interaction, 50 pathways (separate from primary B1/B2)",-0.043044064,0.13572105,0.75112904,-0.30905243,0.2229643,0.95786918,-0.061048518,0.044430093,0.16943071,-0.11577337,0.12613013,0.35867737,0.89067705,pathway slope among rows with CD38 off/on at those rows' average PI/IMiD/steroid mix (descriptive); TARGET = CD38_interaction_*,0.89420124,False
binary,binary_exploratory_tier2_cd38_interaction,exploratory_tier2,Pancreas Beta Cells,ok,148,125,2,"exploratory Tier-2 pathway x CD38 interaction, 50 pathways (separate from primary B1/B2)",0.071778897,0.11407874,0.52921495,-0.15181132,0.29536912,1.0744178,0.023108359,0.042856751,0.58974889,0.1067049,0.1058401,0.31337244,1.1126059,pathway slope among rows with CD38 off/on at those rows' average PI/IMiD/steroid mix (descriptive); TARGET = CD38_interaction_*,0.8019001,False
binary,binary_exploratory_tier2_cd38_interaction,exploratory_tier2,Pperoxisome,ok,148,125,2,"exploratory Tier-2 pathway x CD38 interaction, 50 pathways (separate from primary B1/B2)",0.14915705,0.13513684,0.26970236,-0.11570629,0.4140204,1.1608553,-0.065092798,0.047118437,0.16713391,0.11258534,0.12617942,0.37225151,1.1191678,pathway slope among rows with CD38 off/on at those rows' average PI/IMiD/steroid mix (descriptive); TARGET = CD38_interaction_*,0.6508706,False
binary,binary_exploratory_tier2_cd38_interaction,exploratory_tier2,Protein Secretion,ok,148,125,2,"exploratory Tier-2 pathway x CD38 interaction, 50 pathways (separate from primary B1/B2)",-0.051014215,0.12764991,0.6894205,-0.30120343,0.199175,0.95026516,-0.071981739,0.046581323,0.12227568,-0.11060707,0.11304359,0.3278537,0.89529046,pathway slope among rows with CD38 off/on at those rows' average PI/IMiD/steroid mix (descriptive); TARGET = CD38_interaction_*,0.87492892,False
binary,binary_exploratory_tier2_cd38_interaction,exploratory_tier2,Reactive Oxygen Species Pathway,ok,148,125,2,"exploratory Tier-2 pathway x CD38 interaction, 50 pathways (separate from primary B1/B2)",0.12880601,0.15559289,0.40776113,-0.17615044,0.43376247,1.1374695,-0.043214565,0.045017389,0.337079,0.086115268,0.15248275,0.57224099,1.089932,pathway slope among rows with CD38 off/on at those rows' average PI/IMiD/steroid mix (descriptive); TARGET = CD38_interaction_*,0.7551132,False
binary,binary_exploratory_tier2_cd38_interaction,exploratory_tier2,Spermatogenesis,ok,148,125,2,"exploratory Tier-2 pathway x CD38 interaction, 50 pathways (separate from primary B1/B2)",-0.083455362,0.14161023,0.55563895,-0.36100631,0.19409559,0.91993215,-0.04559056,0.045166761,0.31279099,-0.15209088,0.12744921,0.23273429,0.85891022,pathway slope among rows with CD38 off/on at those rows' average PI/IMiD/steroid mix (descriptive); TARGET = CD38_interaction_*,0.8019001,False
binary,binary_exploratory_tier2_cd38_interaction,exploratory_tier2,TGF-beta Signaling,ok,148,125,2,"exploratory Tier-2 pathway x CD38 interaction, 50 pathways (separate from primary B1/B2)",0.094539045,0.18505602,0.60944407,-0.26816409,0.45724218,1.0991521,0.090411489,0.048466662,0.062120221,0.12176751,0.17734871,0.49233525,1.1294915,pathway slope among rows with CD38 off/on at those rows' average PI/IMiD/steroid mix (descriptive); TARGET = CD38_interaction_*,0.8019001,False
binary,binary_exploratory_tier2_cd38_interaction,exploratory_tier2,TNF-alpha Signaling via NF-kB,ok,148,125,2,"exploratory Tier-2 pathway x CD38 interaction, 50 pathways (separate from primary B1/B2)",0.17114049,0.16025958,0.28556763,-0.14296251,0.4852435,1.1866575,0.075797705,0.045471449,0.095528397,0.22756425,0.15351543,0.13824606,1.2555381,pathway slope among rows with CD38 off/on at those rows' average PI/IMiD/steroid mix (descriptive); TARGET = CD38_interaction_*,0.6508706,False
binary,binary_exploratory_tier2_cd38_interaction,exploratory_tier2,UV Response Dn,ok,148,125,2,"exploratory Tier-2 pathway x CD38 interaction, 50 pathways (separate from primary B1/B2)",0.27576453,0.13027,0.034270966,0.020440018,0.53108903,1.3175376,0.032894072,0.048030696,0.49343529,0.29169622,0.1193028,0.014484921,1.3386963,pathway slope among rows with CD38 off/on at those rows' average PI/IMiD/steroid mix (descriptive); TARGET = CD38_interaction_*,0.43087912,False
binary,binary_exploratory_tier2_cd38_interaction,exploratory_tier2,UV Response Up,ok,148,125,2,"exploratory Tier-2 pathway x CD38 interaction, 50 pathways (separate from primary B1/B2)",0.18603415,0.12847887,0.14762413,-0.065779805,0.4378481,1.2044634,0.01685891,0.046574665,0.71736999,0.21398069,0.12300912,0.081937826,1.2385987,pathway slope among rows with CD38 off/on at those rows' average PI/IMiD/steroid mix (descriptive); TARGET = CD38_interaction_*,0.48290161,False
binary,binary_exploratory_tier2_cd38_interaction,exploratory_tier2,Unfolded Protein Response,ok,148,125,2,"exploratory Tier-2 pathway x CD38 interaction, 50 pathways (separate from primary B1/B2)",0.22659818,0.13362905,0.089937894,-0.03530995,0.4885063,1.2543257,-0.023655412,0.047550094,0.61884777,0.23218684,0.12792095,0.06951153,1.2613554,pathway slope among rows with CD38 off/on at those rows' average PI/IMiD/steroid mix (descriptive); TARGET = CD38_interaction_*,0.43594522,False
binary,binary_exploratory_tier2_cd38_interaction,exploratory_tier2,Wnt-beta Catenin Signaling,ok,148,125,2,"exploratory Tier-2 pathway x CD38 interaction, 50 pathways (separate from primary B1/B2)",0.26264893,0.12992348,0.043221185,0.0080035763,0.51729428,1.3003701,-0.013173644,0.043243672,0.76064225,0.22589743,0.12182759,0.063705021,1.2534471,pathway slope among rows with CD38 off/on at those rows' average PI/IMiD/steroid mix (descriptive); TARGET = CD38_interaction_*,0.43087912,False
binary,binary_exploratory_tier2_cd38_interaction,exploratory_tier2,Xenobiotic Metabolism,ok,148,125,2,"exploratory Tier-2 pathway x CD38 interaction, 50 pathways (separate from primary B1/B2)",0.14119499,0.14264068,0.3222402,-0.13837561,0.4207656,1.1516492,0.0066828004,0.044065566,0.87945839,0.13951046,0.13370854,0.29676666,1.1497108,pathway slope among rows with CD38 off/on at those rows' average PI/IMiD/steroid mix (descriptive); TARGET = CD38_interaction_*,0.67133375,False
binary,binary_exploratory_tier2_cd38_interaction,exploratory_tier2,heme Metabolism,ok,148,125,2,"exploratory Tier-2 pathway x CD38 interaction, 50 pathways (separate from primary B1/B2)",0.23186205,0.13550759,0.08706945,-0.033727948,0.49745205,1.2609458,-0.015395421,0.044919215,0.73179726,0.24257395,0.12977996,0.061606517,1.2745255,pathway slope among rows with CD38 off/on at those rows' average PI/IMiD/steroid mix (descriptive); TARGET = CD38_interaction_*,0.43594522,False
binary,binary_exploratory_tier2_cd38_interaction,exploratory_tier2,mTORC1 Signaling,ok,148,125,2,"exploratory Tier-2 pathway x CD38 interaction, 50 pathways (separate from primary B1/B2)",0.038488686,0.14577834,0.79176299,-0.24723162,0.32420899,1.039239,-0.037890421,0.050637475,0.4542983,0.0047862868,0.13734568,0.97220057,1.0047978,pathway slope among rows with CD38 off/on at those rows' average PI/IMiD/steroid mix (descriptive); TARGET = CD38_interaction_*,0.89973067,False
binary,binary_exploratory_tier2_cd38_interaction,exploratory_tier2,p53 Pathway,ok,148,125,2,"exploratory Tier-2 pathway x CD38 interaction, 50 pathways (separate from primary B1/B2)",0.097186368,0.17533523,0.57938116,-0.24646437,0.44083711,1.1020657,0.05060463,0.045625915,0.26737827,0.10294797,0.16665442,0.53675122,1.1084337,pathway slope among rows with CD38 off/on at those rows' average PI/IMiD/steroid mix (descriptive); TARGET = CD38_interaction_*,0.8019001,False
