population,sensitivity_universe,state,rows,patients,trainval_patients,events,trainval_events
rna_binary,all_history_states,improving,1237,504,423,172,144
rna_binary,all_history_states,stable,5242,564,473,622,517
rna_binary,all_history_states,worsening,1100,460,385,527,442
rna_binary,gap_prev_le_180d,improving,1090,476,397,143,118
rna_binary,gap_prev_le_180d,stable,4656,561,471,562,464
rna_binary,gap_prev_le_180d,worsening,920,419,349,440,376
rna_binary,gap_prev_le_365d,improving,1220,502,422,170,142
rna_binary,gap_prev_le_365d,stable,5214,564,473,618,513
rna_binary,gap_prev_le_365d,worsening,1069,450,376,516,433
rna_binary,exclude_vt_PD,improving,1237,504,423,172,144
rna_binary,exclude_vt_PD,stable,4927,553,464,468,385
rna_binary,exclude_vt_PD,worsening,493,300,253,150,128
rna_binary,vt_VGPR_only,improving,495,359,301,41,35
rna_binary,vt_VGPR_only,stable,2743,403,342,180,155
rna_binary,vt_VGPR_only,worsening,92,78,70,17,16
rna_binary,rna_age_le_365d,improving,376,305,260,47,41
rna_binary,rna_age_le_365d,stable,859,483,400,182,150
rna_binary,rna_age_le_365d,worsening,172,140,113,98,83
rna_binary,rna_age_le_730d,improving,623,420,356,75,66
rna_binary,rna_age_le_730d,stable,2082,552,461,307,254
rna_binary,rna_age_le_730d,worsening,422,292,244,202,172
rna_multiclass,all_history_states,improving,1421,529,448,,
rna_multiclass,all_history_states,stable,5957,569,478,,
rna_multiclass,all_history_states,worsening,1100,460,385,,
rna_multiclass,gap_prev_le_180d,improving,1238,495,416,,
rna_multiclass,gap_prev_le_180d,stable,5256,567,477,,
rna_multiclass,gap_prev_le_180d,worsening,920,419,349,,
rna_multiclass,gap_prev_le_365d,improving,1402,527,447,,
rna_multiclass,gap_prev_le_365d,stable,5928,569,478,,
rna_multiclass,gap_prev_le_365d,worsening,1069,450,376,,
rna_multiclass,exclude_vt_PD,improving,1421,529,448,,
rna_multiclass,exclude_vt_PD,stable,5642,558,469,,
rna_multiclass,exclude_vt_PD,worsening,493,300,253,,
rna_multiclass,vt_VGPR_only,improving,495,359,301,,
rna_multiclass,vt_VGPR_only,stable,2743,403,342,,
rna_multiclass,vt_VGPR_only,worsening,92,78,70,,
rna_multiclass,rna_age_le_365d,improving,403,325,279,,
rna_multiclass,rna_age_le_365d,stable,873,491,408,,
rna_multiclass,rna_age_le_365d,worsening,172,140,113,,
rna_multiclass,rna_age_le_730d,improving,699,455,388,,
rna_multiclass,rna_age_le_730d,stable,2198,558,467,,
rna_multiclass,rna_age_le_730d,worsening,422,292,244,,
