population,population_type,state,scope,rows,patients,n_progressive_disease,n_stable_disease,n_partial_response,n_very_good_partial_response,n_complete_response,n_stringent_complete_response,events,non_events
all,multiclass,improving,overall,2057,768,260,278,340,668,279,232,,
all,multiclass,improving,train,1469,546,194,195,228,490,192,170,,
all,multiclass,improving,val,260,102,33,43,33,74,48,29,,
all,multiclass,improving,test,328,120,33,40,79,104,39,33,,
all,multiclass,improving,trainval,1729,648,227,238,261,564,240,199,,
all,multiclass,stable,overall,8752,825,879,968,1086,3648,1238,933,,
all,multiclass,stable,train,6190,576,589,717,716,2623,882,663,,
all,multiclass,stable,val,1201,119,147,126,116,456,212,144,,
all,multiclass,stable,test,1361,130,143,125,254,569,144,126,,
all,multiclass,stable,trainval,7391,695,736,843,832,3079,1094,807,,
all,multiclass,worsening,overall,1611,661,450,441,298,295,86,41,,
all,multiclass,worsening,train,1162,467,310,332,209,218,59,34,,
all,multiclass,worsening,val,216,90,80,48,30,35,18,5,,
all,multiclass,worsening,test,233,104,60,61,59,42,9,2,,
all,multiclass,worsening,trainval,1378,557,390,380,239,253,77,39,,
all,multiclass,no_history,overall,1025,1025,56,112,284,435,64,74,,
all,multiclass,no_history,train,716,716,41,75,187,310,47,56,,
all,multiclass,no_history,val,154,154,7,15,45,65,9,13,,
all,multiclass,no_history,test,155,155,8,22,52,60,8,5,,
all,multiclass,no_history,trainval,870,870,48,90,232,375,56,69,,
all,multiclass,ambiguous,overall,6,6,1,0,0,0,1,4,,
all,multiclass,ambiguous,train,2,2,0,0,0,0,0,2,,
all,multiclass,ambiguous,val,2,2,1,0,0,0,1,0,,
all,multiclass,ambiguous,test,2,2,0,0,0,0,0,2,,
all,multiclass,ambiguous,trainval,4,4,1,0,0,0,1,2,,
all_binary_eligible,binary,improving,overall,1817,736,,,,,,,253,1564
all_binary_eligible,binary,improving,train,1294,522,,,,,,,183,1111
all_binary_eligible,binary,improving,val,222,95,,,,,,,28,194
all_binary_eligible,binary,improving,test,301,119,,,,,,,42,259
all_binary_eligible,binary,improving,trainval,1516,617,,,,,,,211,1305
all_binary_eligible,binary,stable,overall,7855,820,,,,,,,903,6952
all_binary_eligible,binary,stable,train,5548,571,,,,,,,634,4914
all_binary_eligible,binary,stable,val,1067,119,,,,,,,123,944
all_binary_eligible,binary,stable,test,1240,130,,,,,,,146,1094
all_binary_eligible,binary,stable,trainval,6615,690,,,,,,,757,5858
all_binary_eligible,binary,worsening,overall,1611,661,,,,,,,760,851
all_binary_eligible,binary,worsening,train,1162,467,,,,,,,557,605
all_binary_eligible,binary,worsening,val,216,90,,,,,,,88,128
all_binary_eligible,binary,worsening,test,233,104,,,,,,,115,118
all_binary_eligible,binary,worsening,trainval,1378,557,,,,,,,645,733
all_binary_eligible,binary,no_history,overall,1013,1013,,,,,,,370,643
all_binary_eligible,binary,no_history,train,705,705,,,,,,,265,440
all_binary_eligible,binary,no_history,val,153,153,,,,,,,56,97
all_binary_eligible,binary,no_history,test,155,155,,,,,,,49,106
all_binary_eligible,binary,no_history,trainval,858,858,,,,,,,321,537
all_binary_eligible,binary,ambiguous,overall,2,2,,,,,,,1,1
all_binary_eligible,binary,ambiguous,train,0,0,,,,,,,0,0
all_binary_eligible,binary,ambiguous,val,1,1,,,,,,,0,1
all_binary_eligible,binary,ambiguous,test,1,1,,,,,,,1,0
all_binary_eligible,binary,ambiguous,trainval,1,1,,,,,,,0,1
rna_multiclass,multiclass,improving,overall,1421,529,184,181,238,458,189,171,,
rna_multiclass,multiclass,improving,train,1001,376,132,126,160,331,131,121,,
rna_multiclass,multiclass,improving,val,191,72,26,28,21,52,38,26,,
rna_multiclass,multiclass,improving,test,229,81,26,27,57,75,20,24,,
rna_multiclass,multiclass,improving,trainval,1192,448,158,154,181,383,169,147,,
rna_multiclass,multiclass,stable,overall,5957,569,595,631,728,2497,761,745,,
rna_multiclass,multiclass,stable,train,4212,397,395,450,473,1828,560,506,,
rna_multiclass,multiclass,stable,val,801,81,91,81,75,287,136,131,,
rna_multiclass,multiclass,stable,test,944,91,109,100,180,382,65,108,,
rna_multiclass,multiclass,stable,trainval,5013,478,486,531,548,2115,696,637,,
rna_multiclass,multiclass,worsening,overall,1100,460,311,290,195,210,58,36,,
rna_multiclass,multiclass,worsening,train,786,328,214,209,135,161,38,29,,
rna_multiclass,multiclass,worsening,val,142,57,52,31,19,22,13,5,,
rna_multiclass,multiclass,worsening,test,172,75,45,50,41,27,7,2,,
rna_multiclass,multiclass,worsening,trainval,928,385,266,240,154,183,51,34,,
rna_multiclass,multiclass,no_history,overall,690,690,41,76,167,312,41,53,,
rna_multiclass,multiclass,no_history,train,483,483,30,51,110,221,32,39,,
rna_multiclass,multiclass,no_history,val,104,104,6,10,24,47,6,11,,
rna_multiclass,multiclass,no_history,test,103,103,5,15,33,44,3,3,,
rna_multiclass,multiclass,no_history,trainval,587,587,36,61,134,268,38,50,,
rna_multiclass,multiclass,ambiguous,overall,5,5,1,0,0,0,1,3,,
rna_multiclass,multiclass,ambiguous,train,2,2,0,0,0,0,0,2,,
rna_multiclass,multiclass,ambiguous,val,2,2,1,0,0,0,1,0,,
rna_multiclass,multiclass,ambiguous,test,1,1,0,0,0,0,0,1,,
rna_multiclass,multiclass,ambiguous,trainval,4,4,1,0,0,0,1,2,,
rna_binary,binary,improving,overall,1237,504,,,,,,,172,1065
rna_binary,binary,improving,train,870,358,,,,,,,117,753
rna_binary,binary,improving,val,158,65,,,,,,,27,131
rna_binary,binary,improving,test,209,81,,,,,,,28,181
rna_binary,binary,improving,trainval,1028,423,,,,,,,144,884
rna_binary,binary,stable,overall,5242,564,,,,,,,622,4620
rna_binary,binary,stable,train,3725,392,,,,,,,433,3292
rna_binary,binary,stable,val,678,81,,,,,,,84,594
rna_binary,binary,stable,test,839,91,,,,,,,105,734
rna_binary,binary,stable,trainval,4403,473,,,,,,,517,3886
rna_binary,binary,worsening,overall,1100,460,,,,,,,527,573
rna_binary,binary,worsening,train,786,328,,,,,,,383,403
rna_binary,binary,worsening,val,142,57,,,,,,,59,83
rna_binary,binary,worsening,test,172,75,,,,,,,85,87
rna_binary,binary,worsening,trainval,928,385,,,,,,,442,486
rna_binary,binary,no_history,overall,682,682,,,,,,,252,430
rna_binary,binary,no_history,train,476,476,,,,,,,183,293
rna_binary,binary,no_history,val,103,103,,,,,,,41,62
rna_binary,binary,no_history,test,103,103,,,,,,,28,75
rna_binary,binary,no_history,trainval,579,579,,,,,,,224,355
rna_binary,binary,ambiguous,overall,1,1,,,,,,,0,1
rna_binary,binary,ambiguous,train,0,0,,,,,,,0,0
rna_binary,binary,ambiguous,val,1,1,,,,,,,0,1
rna_binary,binary,ambiguous,test,0,0,,,,,,,0,0
rna_binary,binary,ambiguous,trainval,1,1,,,,,,,0,1
