task,group,treatment,role,metric,is_primary_metric,n_rows,n_patients,C_mean,D_mean,delta_D_minus_C,ci_lo,ci_hi,n_valid_bootstrap,p_boot_two_sided,better_when,holm_p_primary_family,adjusted_p,adjustment_method,adjustment_family
binary,all,all,reference,auprc,True,6939,596,0.52836025,0.53312471,0.0047644621,-0.0016666147,0.01089092,2000,0.15392304,higher,,,none (descriptive: secondary metric / complement / reference row),
binary,all,all,reference,auroc,False,6939,596,0.79851567,0.79636974,-0.0021459291,-0.0041518189,7.4074393e-05,2000,0.054972514,higher,,,none (descriptive: secondary metric / complement / reference row),
binary,all,all,reference,logloss,False,6939,596,0.38641404,0.38677636,0.00036231493,-0.00082840394,0.0014430528,2000,0.51274363,lower,,,none (descriptive: secondary metric / complement / reference row),
binary,on_pi,pi,primary,auprc,True,1902,412,0.52776687,0.52276399,-0.0050028755,-0.012999168,0.0027286583,2000,0.23388306,higher,0.46776612,0.46776612,Holm,binary|auprc|3 primary treatments (confirmatory)
binary,on_pi,pi,primary,auroc,False,1902,412,0.81259916,0.80926856,-0.0033306049,-0.0063367239,-0.00033815299,2000,0.033983008,higher,,,none (descriptive: secondary metric / complement / reference row),
binary,on_pi,pi,primary,logloss,False,1902,412,0.41722954,0.41944021,0.0022106732,0.00041463994,0.0039696841,2000,0.015992004,lower,,,none (descriptive: secondary metric / complement / reference row),
binary,not_pi,pi,primary,auprc,True,5037,549,0.52527596,0.53303798,0.0077620221,-0.00042174919,0.015816012,2000,0.067966017,higher,,,none (descriptive: secondary metric / complement / reference row),
binary,not_pi,pi,primary,auroc,False,5037,549,0.78979732,0.7878038,-0.001993516,-0.0047353173,0.0009022293,2000,0.15892054,higher,,,none (descriptive: secondary metric / complement / reference row),
binary,not_pi,pi,primary,logloss,False,5037,549,0.37477793,0.3744423,-0.00033563571,-0.0017830757,0.00098690254,2000,0.64567716,lower,,,none (descriptive: secondary metric / complement / reference row),
binary,on_imid,imid,primary,auprc,True,3312,410,0.49533617,0.48890853,-0.0064276415,-0.013166273,0.00067523041,2000,0.077961019,higher,0.23388306,0.23388306,Holm,binary|auprc|3 primary treatments (confirmatory)
binary,on_imid,imid,primary,auroc,False,3312,410,0.77955012,0.7767257,-0.0028244167,-0.0059790244,0.00033020979,2000,0.082958521,higher,,,none (descriptive: secondary metric / complement / reference row),
binary,on_imid,imid,primary,logloss,False,3312,410,0.37496589,0.37639357,0.0014276827,0.00014526957,0.0026102975,2000,0.031984008,lower,,,none (descriptive: secondary metric / complement / reference row),
binary,not_imid,imid,primary,auprc,True,3627,550,0.55310857,0.56310433,0.0099957597,0.00092240503,0.018756998,2000,0.031984008,higher,,,none (descriptive: secondary metric / complement / reference row),
binary,not_imid,imid,primary,auroc,False,3627,550,0.81118421,0.80972959,-0.0014546205,-0.0039620201,0.0011507255,2000,0.26286857,higher,,,none (descriptive: secondary metric / complement / reference row),
binary,not_imid,imid,primary,logloss,False,3627,550,0.39686794,0.39625741,-0.00061052709,-0.0023707646,0.0011465055,2000,0.49375312,lower,,,none (descriptive: secondary metric / complement / reference row),
binary,on_steroid,steroid,primary,auprc,True,2666,464,0.52659449,0.52275072,-0.0038437714,-0.01198535,0.004436336,2000,0.3878061,higher,0.46776612,0.46776612,Holm,binary|auprc|3 primary treatments (confirmatory)
binary,on_steroid,steroid,primary,auroc,False,2666,464,0.78958981,0.78569818,-0.0038916207,-0.006440643,-0.001286447,2000,0.003998001,higher,,,none (descriptive: secondary metric / complement / reference row),
binary,on_steroid,steroid,primary,logloss,False,2666,464,0.42644605,0.4286211,0.0021750574,0.00051066606,0.0036939146,2000,0.0089955022,lower,,,none (descriptive: secondary metric / complement / reference row),
binary,not_steroid,steroid,primary,auprc,True,4273,524,0.52709038,0.53624257,0.00915219,-5.0156909e-05,0.017373958,2000,0.052973513,higher,,,none (descriptive: secondary metric / complement / reference row),
binary,not_steroid,steroid,primary,auroc,False,4273,524,0.80008351,0.79881515,-0.0012683575,-0.0042417679,0.0020004481,2000,0.42578711,higher,,,none (descriptive: secondary metric / complement / reference row),
binary,not_steroid,steroid,primary,logloss,False,4273,524,0.36143737,0.36066868,-0.00076868707,-0.0022695489,0.00067469339,2000,0.31584208,lower,,,none (descriptive: secondary metric / complement / reference row),
binary,on_cd38,cd38,exploratory,auprc,True,532,129,0.57642825,0.56860284,-0.007825412,-0.02966487,0.016099235,2000,0.55372314,higher,,0.55372314,BH,binary|auprc|Tier-2 on-treatment D-C (secondary)
binary,on_cd38,cd38,exploratory,auroc,False,532,129,0.78923682,0.78659014,-0.0026466837,-0.0077427462,0.0031320171,2000,0.36981509,higher,,0.47876062,BH,binary|auroc|Tier-2 on-treatment D-C (secondary)
binary,on_cd38,cd38,exploratory,logloss,False,532,129,0.41238996,0.41428129,0.0018913333,-0.0016673691,0.0052736044,2000,0.29985007,lower,,0.59970015,BH,binary|logloss|Tier-2 on-treatment D-C (secondary)
binary,not_cd38,cd38,exploratory,auprc,True,6407,596,0.52543972,0.53095068,0.0055109543,-0.00086065034,0.011933125,2000,0.095952024,higher,,,none (descriptive: secondary metric / complement / reference row),
binary,not_cd38,cd38,exploratory,auroc,False,6407,596,0.79928445,0.79710672,-0.0021777251,-0.0042908428,0.00013597537,2000,0.070964518,higher,,,none (descriptive: secondary metric / complement / reference row),
binary,not_cd38,cd38,exploratory,logloss,False,6407,596,0.38425715,0.38449251,0.00023535414,-0.00094887756,0.0013293205,2000,0.65567216,lower,,,none (descriptive: secondary metric / complement / reference row),
binary,on_chemo,chemo,exploratory,auprc,True,400,184,0.51387834,0.51836183,0.004483496,-0.0096767841,0.018119593,2000,0.55172414,higher,,0.55372314,BH,binary|auprc|Tier-2 on-treatment D-C (secondary)
binary,on_chemo,chemo,exploratory,auroc,False,400,184,0.77907965,0.77732516,-0.0017544925,-0.007294255,0.0029322829,2000,0.47876062,higher,,0.47876062,BH,binary|auroc|Tier-2 on-treatment D-C (secondary)
binary,on_chemo,chemo,exploratory,logloss,False,400,184,0.50223358,0.50297104,0.00073746081,-0.0031902085,0.004789607,2000,0.67666167,lower,,0.67666167,BH,binary|logloss|Tier-2 on-treatment D-C (secondary)
binary,not_chemo,chemo,exploratory,auprc,True,6539,584,0.52791519,0.53279004,0.0048748496,-0.002132827,0.011595256,2000,0.18590705,higher,,,none (descriptive: secondary metric / complement / reference row),
binary,not_chemo,chemo,exploratory,auroc,False,6539,584,0.79599464,0.79365427,-0.0023403771,-0.0045832634,0.00011317849,2000,0.064967516,higher,,,none (descriptive: secondary metric / complement / reference row),
binary,not_chemo,chemo,exploratory,logloss,False,6539,584,0.37932919,0.37966856,0.00033936672,-0.00089955297,0.0014690476,2000,0.56071964,lower,,,none (descriptive: secondary metric / complement / reference row),
multiclass,all,all,reference,rps,True,7724,600,0.077788263,0.078539843,0.00075157953,0.00023102492,0.0013280521,2000,0.003998001,lower,,,none (descriptive: secondary metric / complement / reference row),
multiclass,all,all,reference,logloss,False,7724,600,0.91385895,0.92082289,0.0069639364,0.0022234609,0.011954918,2000,0.003998001,lower,,,none (descriptive: secondary metric / complement / reference row),
multiclass,on_pi,pi,primary,rps,True,2021,414,0.081123835,0.08215925,0.0010354155,3.0017446e-05,0.0021191466,2000,0.044977511,lower,0.044977511,0.044977511,Holm,multiclass|rps|3 primary treatments (confirmatory)
multiclass,on_pi,pi,primary,logloss,False,2021,414,0.99142844,0.99907401,0.0076455747,-0.0028852946,0.019212893,2000,0.15892054,lower,,,none (descriptive: secondary metric / complement / reference row),
multiclass,not_pi,pi,primary,rps,True,5703,554,0.076606221,0.077257216,0.00065099517,2.5388353e-05,0.0012879428,2000,0.04097951,lower,,,none (descriptive: secondary metric / complement / reference row),
multiclass,not_pi,pi,primary,logloss,False,5703,554,0.88637027,0.89309265,0.006722381,0.001112363,0.01215487,2000,0.015992004,lower,,,none (descriptive: secondary metric / complement / reference row),
multiclass,on_imid,imid,primary,rps,True,3676,413,0.071490553,0.072437801,0.00094724787,0.000197295,0.001772942,2000,0.013993003,lower,0.04197901,0.04197901,Holm,multiclass|rps|3 primary treatments (confirmatory)
multiclass,on_imid,imid,primary,logloss,False,3676,413,0.89562418,0.90605655,0.010432371,0.0030203542,0.018818049,2000,0.0069965017,lower,,,none (descriptive: secondary metric / complement / reference row),
multiclass,not_imid,imid,primary,rps,True,4048,559,0.083507232,0.084081124,0.00057389256,-0.00016367855,0.0014079492,2000,0.12193903,lower,,,none (descriptive: secondary metric / complement / reference row),
multiclass,not_imid,imid,primary,logloss,False,4048,559,0.930418,0.93423224,0.0038142418,-0.002288388,0.0098742373,2000,0.20389805,lower,,,none (descriptive: secondary metric / complement / reference row),
multiclass,on_steroid,steroid,primary,rps,True,2793,464,0.079487072,0.080617758,0.0011306866,0.00029111452,0.0020628021,2000,0.013993003,lower,0.04197901,0.04197901,Holm,multiclass|rps|3 primary treatments (confirmatory)
multiclass,on_steroid,steroid,primary,logloss,False,2793,464,0.9957743,1.0060794,0.010305072,0.0018620169,0.019277886,2000,0.021989005,lower,,,none (descriptive: secondary metric / complement / reference row),
multiclass,not_steroid,steroid,primary,rps,True,4931,529,0.07682603,0.077362877,0.00053684701,-0.00014894176,0.0012168138,2000,0.14892554,lower,,,none (descriptive: secondary metric / complement / reference row),
multiclass,not_steroid,steroid,primary,logloss,False,4931,529,0.86746074,0.8725322,0.0050714618,-0.00050928305,0.010756073,2000,0.085957021,lower,,,none (descriptive: secondary metric / complement / reference row),
multiclass,on_cd38,cd38,exploratory,rps,True,559,129,0.082700618,0.085557192,0.0028565732,0.00057023596,0.0060160667,2000,0.012993503,lower,,0.012993503,BH,multiclass|rps|Tier-2 on-treatment D-C (secondary)
multiclass,on_cd38,cd38,exploratory,logloss,False,559,129,0.99747138,1.0185324,0.021060984,0.0021058057,0.043054311,2000,0.025987006,lower,,0.025987006,BH,multiclass|logloss|Tier-2 on-treatment D-C (secondary)
multiclass,not_cd38,cd38,exploratory,rps,True,7165,600,0.077405011,0.077992362,0.00058735182,4.1185178e-05,0.0011678061,2000,0.037981009,lower,,,none (descriptive: secondary metric / complement / reference row),
multiclass,not_cd38,cd38,exploratory,logloss,False,7165,600,0.90733566,0.91319978,0.005864111,0.00093958535,0.010918094,2000,0.023988006,lower,,,none (descriptive: secondary metric / complement / reference row),
