task,group,metric,observed_repeat0_D_minus_C,null_mean,null_sd,null_p2.5,null_p97.5,n_permutations,empirical_one_sided_p_improvement,note
binary,all,auprc,0.0039526789,-0.00313904,0.0029753339,-0.0088428643,0.0014420813,20,0.047619048,observed and null both use repeat 0 folds; D_perm keeps timing/availability features
binary,all,auroc,-0.0038258393,-0.003012898,0.0014202698,-0.0055249382,-0.00055226017,20,0.66666667,observed and null both use repeat 0 folds; D_perm keeps timing/availability features
binary,all,logloss,0.0010471052,0.0013463514,0.00046955083,0.00058300335,0.0022434553,20,0.23809524,observed and null both use repeat 0 folds; D_perm keeps timing/availability features
binary,on_pi,auprc,-0.0078906513,-0.0031774758,0.0056684789,-0.012997388,0.0057794962,20,0.76190476,observed and null both use repeat 0 folds; D_perm keeps timing/availability features
binary,on_pi,auroc,-0.0044146004,-0.0019727796,0.0013221763,-0.0043749474,0.0005121721,20,0.95238095,observed and null both use repeat 0 folds; D_perm keeps timing/availability features
binary,on_pi,logloss,0.0026919743,0.00083700456,0.00075551382,-0.0005662214,0.0020380512,20,1,observed and null both use repeat 0 folds; D_perm keeps timing/availability features
binary,not_pi,auprc,0.0077414177,-0.0039250896,0.0036272756,-0.011935934,0.0010383479,20,0.047619048,observed and null both use repeat 0 folds; D_perm keeps timing/availability features
binary,not_pi,auroc,-0.0038578945,-0.0035569397,0.0019440362,-0.007013591,-0.00031498867,20,0.57142857,observed and null both use repeat 0 folds; D_perm keeps timing/availability features
binary,not_pi,logloss,0.00042599322,0.0015386837,0.00062021827,0.00051304297,0.0025267352,20,0.095238095,observed and null both use repeat 0 folds; D_perm keeps timing/availability features
binary,on_imid,auprc,-0.009363466,-0.0062712214,0.0058417444,-0.015140128,0.0018622418,20,0.61904762,observed and null both use repeat 0 folds; D_perm keeps timing/availability features
binary,on_imid,auroc,-0.0066547753,-0.0043030301,0.0020728351,-0.0089169389,-0.0016640666,20,0.9047619,observed and null both use repeat 0 folds; D_perm keeps timing/availability features
binary,on_imid,logloss,0.0028767458,0.0018684195,0.00078789958,0.00073638888,0.0034507995,20,0.9047619,observed and null both use repeat 0 folds; D_perm keeps timing/availability features
binary,not_imid,auprc,0.011578495,-0.0020038616,0.004353293,-0.010740419,0.0030327288,20,0.047619048,observed and null both use repeat 0 folds; D_perm keeps timing/availability features
binary,not_imid,auroc,-0.00132878,-0.0021638858,0.0025870457,-0.0061782193,0.0022948019,20,0.47619048,observed and null both use repeat 0 folds; D_perm keeps timing/availability features
binary,not_imid,logloss,-0.00062363366,0.00086962432,0.0010037086,-0.00066860952,0.0024003534,20,0.095238095,observed and null both use repeat 0 folds; D_perm keeps timing/availability features
binary,on_steroid,auprc,-0.012382575,-0.0064024859,0.0058851246,-0.016932623,0.0025910043,20,0.80952381,observed and null both use repeat 0 folds; D_perm keeps timing/availability features
binary,on_steroid,auroc,-0.0060294108,-0.002770701,0.0012985752,-0.0057226945,-0.0011639162,20,0.95238095,observed and null both use repeat 0 folds; D_perm keeps timing/availability features
binary,on_steroid,logloss,0.0035660817,0.0016961597,0.00083207066,0.00059060916,0.0034531704,20,0.95238095,observed and null both use repeat 0 folds; D_perm keeps timing/availability features
binary,not_steroid,auprc,0.012739506,-0.0016491727,0.0039629619,-0.0099446696,0.0034389856,20,0.047619048,observed and null both use repeat 0 folds; D_perm keeps timing/availability features
binary,not_steroid,auroc,-0.0020012479,-0.003199381,0.002680465,-0.0072690337,0.00093503173,20,0.33333333,observed and null both use repeat 0 folds; D_perm keeps timing/availability features
binary,not_steroid,logloss,-0.00052452863,0.0011280999,0.00078430896,-0.00021407034,0.0022448334,20,0.047619048,observed and null both use repeat 0 folds; D_perm keeps timing/availability features
binary,on_cd38,auprc,-0.01924346,-0.021195628,0.017056087,-0.058940249,0.00047585248,20,0.57142857,observed and null both use repeat 0 folds; D_perm keeps timing/availability features
binary,on_cd38,auroc,-0.0076318027,-0.0044982993,0.0034732189,-0.0097207164,0.001544696,20,0.80952381,observed and null both use repeat 0 folds; D_perm keeps timing/availability features
binary,on_cd38,logloss,0.004196005,0.0020364428,0.0019909555,-0.00053848595,0.0056254563,20,0.80952381,observed and null both use repeat 0 folds; D_perm keeps timing/availability features
binary,not_cd38,auprc,0.005899632,-0.0024168839,0.003038752,-0.0081469854,0.0020533719,20,0.047619048,observed and null both use repeat 0 folds; D_perm keeps timing/availability features
binary,not_cd38,auroc,-0.0037442853,-0.0030700246,0.0015142264,-0.0055595562,-0.00032513617,20,0.61904762,observed and null both use repeat 0 folds; D_perm keeps timing/availability features
binary,not_cd38,logloss,0.00078563887,0.0012890503,0.00056172534,0.00048431467,0.0022350053,20,0.23809524,observed and null both use repeat 0 folds; D_perm keeps timing/availability features
binary,on_chemo,auprc,-0.0028246466,0.0049275469,0.011207792,-0.01542707,0.023659337,20,0.80952381,observed and null both use repeat 0 folds; D_perm keeps timing/availability features
binary,on_chemo,auroc,0.00045531812,0.0028548446,0.0038112716,-0.0034994992,0.0081536092,20,0.66666667,observed and null both use repeat 0 folds; D_perm keeps timing/availability features
binary,on_chemo,logloss,-0.001238386,-0.0020825112,0.0031697495,-0.0068441985,0.003669463,20,0.61904762,observed and null both use repeat 0 folds; D_perm keeps timing/availability features
binary,not_chemo,auprc,0.0043917393,-0.003403777,0.0026928084,-0.009001862,0.0011795801,20,0.047619048,observed and null both use repeat 0 folds; D_perm keeps timing/availability features
binary,not_chemo,auroc,-0.0045358891,-0.0035221199,0.0015616257,-0.006263385,-0.00075676807,20,0.71428571,observed and null both use repeat 0 folds; D_perm keeps timing/availability features
binary,not_chemo,logloss,0.001186912,0.0015560999,0.00045232981,0.00072664106,0.002392136,20,0.19047619,observed and null both use repeat 0 folds; D_perm keeps timing/availability features
multiclass,all,rps,0.00087855765,0.0010891355,0.00036413582,0.00036932324,0.0016476063,20,0.28571429,observed and null both use repeat 0 folds; D_perm keeps timing/availability features
multiclass,all,logloss,0.010183671,0.012208204,0.0034383328,0.0067924518,0.018429391,20,0.33333333,observed and null both use repeat 0 folds; D_perm keeps timing/availability features
multiclass,on_pi,rps,0.0016474691,0.00066028115,0.00046362235,6.4388146e-05,0.0015938699,20,0.95238095,observed and null both use repeat 0 folds; D_perm keeps timing/availability features
multiclass,on_pi,logloss,0.015430496,0.0097300681,0.004191656,0.0035802927,0.01810824,20,0.9047619,observed and null both use repeat 0 folds; D_perm keeps timing/availability features
multiclass,not_pi,rps,0.00060607474,0.0012411107,0.00047751209,0.00025489678,0.0018883087,20,0.095238095,observed and null both use repeat 0 folds; D_perm keeps timing/availability features
multiclass,not_pi,logloss,0.0083243275,0.013086393,0.0043347013,0.0052094831,0.020428735,20,0.19047619,observed and null both use repeat 0 folds; D_perm keeps timing/availability features
multiclass,on_imid,rps,0.0012826499,0.0014404093,0.000335225,0.00090410256,0.0020531915,20,0.33333333,observed and null both use repeat 0 folds; D_perm keeps timing/availability features
multiclass,on_imid,logloss,0.01537648,0.015460386,0.0032804533,0.0099728142,0.021934507,20,0.57142857,observed and null both use repeat 0 folds; D_perm keeps timing/availability features
multiclass,not_imid,rps,0.00051160035,0.00077014276,0.00049526529,-0.00038995268,0.001379509,20,0.19047619,observed and null both use repeat 0 folds; D_perm keeps timing/availability features
multiclass,not_imid,logloss,0.0054680667,0.0092548884,0.0044042159,0.0023850245,0.01702891,20,0.23809524,observed and null both use repeat 0 folds; D_perm keeps timing/availability features
multiclass,on_steroid,rps,0.0017530188,0.0012933706,0.00032820049,0.00064775544,0.0017428086,20,0.95238095,observed and null both use repeat 0 folds; D_perm keeps timing/availability features
multiclass,on_steroid,logloss,0.019113099,0.015133,0.0035398936,0.0079651878,0.01962794,20,0.95238095,observed and null both use repeat 0 folds; D_perm keeps timing/availability features
multiclass,not_steroid,rps,0.0003832484,0.00097345338,0.00057478808,-0.00016304083,0.0018899404,20,0.095238095,observed and null both use repeat 0 folds; D_perm keeps timing/availability features
multiclass,not_steroid,logloss,0.0051258948,0.010551551,0.004724049,0.0024856539,0.019077815,20,0.095238095,observed and null both use repeat 0 folds; D_perm keeps timing/availability features
multiclass,on_cd38,rps,0.002317266,0.0014998629,0.00071474518,0.00018469246,0.0026187532,20,0.85714286,observed and null both use repeat 0 folds; D_perm keeps timing/availability features
multiclass,on_cd38,logloss,0.012031765,0.012769158,0.0062539492,0.0021364703,0.022933747,20,0.38095238,observed and null both use repeat 0 folds; D_perm keeps timing/availability features
multiclass,not_cd38,rps,0.00076631229,0.0010570913,0.00040702559,0.0002223702,0.0016502773,20,0.19047619,observed and null both use repeat 0 folds; D_perm keeps timing/availability features
multiclass,not_cd38,logloss,0.010039486,0.012164439,0.0037165368,0.0061020404,0.018867439,20,0.33333333,observed and null both use repeat 0 folds; D_perm keeps timing/availability features
