task,treatment,role,metric,is_primary_metric,delta_on,delta_not_on,interaction_on_minus_not,ci_lo,ci_hi,p_boot_two_sided,adjusted_p,adjustment_method,adjustment_family,note
binary,pi,primary,auprc,True,-0.0050028755,0.0077620221,-0.012764898,-0.023751395,-0.0013915071,0.027986007,0.063301682,BH,binary|auprc|interaction contrasts across treatments (secondary),secondary; BH within task x metric across treatments; overlapping classes are not independent
binary,pi,primary,auroc,False,-0.0033306049,-0.001993516,-0.0013370889,-0.0053984571,0.002720975,0.53273363,0.88788939,BH,binary|auroc|interaction contrasts across treatments (secondary),secondary; BH within task x metric across treatments; overlapping classes are not independent
binary,pi,primary,logloss,False,0.0022106732,-0.00033563571,0.0025463089,0.00031351331,0.0048246953,0.026986507,0.067466267,BH,binary|logloss|interaction contrasts across treatments (secondary),secondary; BH within task x metric across treatments; overlapping classes are not independent
binary,imid,primary,auprc,True,-0.0064276415,0.0099957597,-0.016423401,-0.026181293,-0.0051302561,0.0069965017,0.034982509,BH,binary|auprc|interaction contrasts across treatments (secondary),secondary; BH within task x metric across treatments; overlapping classes are not independent
binary,imid,primary,auroc,False,-0.0028244167,-0.0014546205,-0.0013697962,-0.004985849,0.0024402382,0.47676162,0.88788939,BH,binary|auroc|interaction contrasts across treatments (secondary),secondary; BH within task x metric across treatments; overlapping classes are not independent
binary,imid,primary,logloss,False,0.0014276827,-0.00061052709,0.0020382098,-3.0834708e-06,0.0040104006,0.051974013,0.086623355,BH,binary|logloss|interaction contrasts across treatments (secondary),secondary; BH within task x metric across treatments; overlapping classes are not independent
binary,steroid,primary,auprc,True,-0.0038437714,0.00915219,-0.012995961,-0.024234221,-0.00094120064,0.037981009,0.063301682,BH,binary|auprc|interaction contrasts across treatments (secondary),secondary; BH within task x metric across treatments; overlapping classes are not independent
binary,steroid,primary,auroc,False,-0.0038916207,-0.0012683575,-0.0026232632,-0.0063584056,0.0011707339,0.17791104,0.88788939,BH,binary|auroc|interaction contrasts across treatments (secondary),secondary; BH within task x metric across treatments; overlapping classes are not independent
binary,steroid,primary,logloss,False,0.0021750574,-0.00076868707,0.0029437445,0.00080636188,0.0050009039,0.0069965017,0.034982509,BH,binary|logloss|interaction contrasts across treatments (secondary),secondary; BH within task x metric across treatments; overlapping classes are not independent
binary,cd38,exploratory,auprc,True,-0.007825412,0.0055109543,-0.013336366,-0.035090512,0.010980044,0.29585207,0.36981509,BH,binary|auprc|interaction contrasts across treatments (secondary),secondary; BH within task x metric across treatments; overlapping classes are not independent
binary,cd38,exploratory,auroc,False,-0.0026466837,-0.0021777251,-0.00046895852,-0.0061649109,0.0053927485,0.87656172,0.89355322,BH,binary|auroc|interaction contrasts across treatments (secondary),secondary; BH within task x metric across treatments; overlapping classes are not independent
binary,cd38,exploratory,logloss,False,0.0018913333,0.00023535414,0.0016559792,-0.001909937,0.0051958986,0.3818091,0.47726137,BH,binary|logloss|interaction contrasts across treatments (secondary),secondary; BH within task x metric across treatments; overlapping classes are not independent
binary,chemo,exploratory,auprc,True,0.004483496,0.0048748496,-0.00039135356,-0.016501529,0.014317605,0.92653673,0.92653673,BH,binary|auprc|interaction contrasts across treatments (secondary),secondary; BH within task x metric across treatments; overlapping classes are not independent
binary,chemo,exploratory,auroc,False,-0.0017544925,-0.0023403771,0.00058588465,-0.0053877088,0.005914771,0.89355322,0.89355322,BH,binary|auroc|interaction contrasts across treatments (secondary),secondary; BH within task x metric across treatments; overlapping classes are not independent
binary,chemo,exploratory,logloss,False,0.00073746081,0.00033936672,0.0003980941,-0.0038811344,0.0048345674,0.8165917,0.8165917,BH,binary|logloss|interaction contrasts across treatments (secondary),secondary; BH within task x metric across treatments; overlapping classes are not independent
multiclass,pi,primary,rps,True,0.0010354155,0.00065099517,0.00038442036,-0.00088429379,0.001601812,0.51474263,0.51474263,BH,multiclass|rps|interaction contrasts across treatments (secondary),secondary; BH within task x metric across treatments; overlapping classes are not independent
multiclass,pi,primary,logloss,False,0.0076455747,0.006722381,0.00092319371,-0.011433994,0.013467,0.88455772,0.88455772,BH,multiclass|logloss|interaction contrasts across treatments (secondary),secondary; BH within task x metric across treatments; overlapping classes are not independent
multiclass,imid,primary,rps,True,0.00094724787,0.00057389256,0.00037335531,-0.00077790612,0.0014952565,0.50774613,0.51474263,BH,multiclass|rps|interaction contrasts across treatments (secondary),secondary; BH within task x metric across treatments; overlapping classes are not independent
multiclass,imid,primary,logloss,False,0.010432371,0.0038142418,0.0066181287,-0.0034233113,0.016583932,0.20589705,0.4117941,BH,multiclass|logloss|interaction contrasts across treatments (secondary),secondary; BH within task x metric across treatments; overlapping classes are not independent
multiclass,steroid,primary,rps,True,0.0011306866,0.00053684701,0.00059383958,-0.00051284614,0.0018151769,0.31084458,0.51474263,BH,multiclass|rps|interaction contrasts across treatments (secondary),secondary; BH within task x metric across treatments; overlapping classes are not independent
multiclass,steroid,primary,logloss,False,0.010305072,0.0050714618,0.0052336105,-0.0049489267,0.015771264,0.31284358,0.41712477,BH,multiclass|logloss|interaction contrasts across treatments (secondary),secondary; BH within task x metric across treatments; overlapping classes are not independent
multiclass,cd38,exploratory,rps,True,0.0028565732,0.00058735182,0.0022692214,-0.00016179,0.0055050416,0.071964018,0.28785607,BH,multiclass|rps|interaction contrasts across treatments (secondary),secondary; BH within task x metric across treatments; overlapping classes are not independent
multiclass,cd38,exploratory,logloss,False,0.021060984,0.005864111,0.015196873,-0.0049338593,0.037479369,0.12893553,0.4117941,BH,multiclass|logloss|interaction contrasts across treatments (secondary),secondary; BH within task x metric across treatments; overlapping classes are not independent
