task,model,repeat,group,metric,value,n_rows,n_patients
binary,C,0,all,auprc,0.52773486,6939,596
binary,C,0,all,auroc,0.7993181,6939,596
binary,C,0,all,logloss,0.38641693,6939,596
binary,C,0,on_pi,auprc,0.52973832,1902,412
binary,C,0,on_pi,auroc,0.81374317,1902,412
binary,C,0,on_pi,logloss,0.41675716,1902,412
binary,C,0,not_pi,auprc,0.52439687,5037,549
binary,C,0,not_pi,auroc,0.79070849,5037,549
binary,C,0,not_pi,logloss,0.37496028,5037,549
binary,C,0,on_imid,auprc,0.49324148,3312,410
binary,C,0,on_imid,auroc,0.77982291,3312,410
binary,C,0,on_imid,logloss,0.37517601,3312,410
binary,C,0,not_imid,auprc,0.55276737,3627,550
binary,C,0,not_imid,auroc,0.81244317,3627,550
binary,C,0,not_imid,logloss,0.39668159,3627,550
binary,C,0,on_steroid,auprc,0.52942157,2666,464
binary,C,0,on_steroid,auroc,0.78990146,2666,464
binary,C,0,on_steroid,logloss,0.42642999,2666,464
binary,C,0,not_steroid,auprc,0.52444288,4273,524
binary,C,0,not_steroid,auroc,0.80101242,4273,524
binary,C,0,not_steroid,logloss,0.36145207,4273,524
binary,C,0,on_cd38,auprc,0.59356781,532,129
binary,C,0,on_cd38,auroc,0.78736182,532,129
binary,C,0,on_cd38,logloss,0.41222149,532,129
binary,C,0,not_cd38,auprc,0.52384106,6407,596
binary,C,0,not_cd38,auroc,0.80038204,6407,596
binary,C,0,not_cd38,logloss,0.38427427,6407,596
binary,C,0,on_chemo,auprc,0.5024986,400,184
binary,C,0,on_chemo,auroc,0.77288732,400,184
binary,C,0,on_chemo,logloss,0.50705176,400,184
binary,C,0,not_chemo,auprc,0.52790521,6539,584
binary,C,0,not_chemo,auroc,0.79724437,6539,584
binary,C,0,not_chemo,logloss,0.37903752,6539,584
binary,C,1,all,auprc,0.52961264,6939,596
binary,C,1,all,auroc,0.79939632,6939,596
binary,C,1,all,logloss,0.38567511,6939,596
binary,C,1,on_pi,auprc,0.52274773,1902,412
binary,C,1,on_pi,auroc,0.80963269,1902,412
binary,C,1,on_pi,logloss,0.41880922,1902,412
binary,C,1,not_pi,auprc,0.52972002,5037,549
binary,C,1,not_pi,auroc,0.79236581,5037,549
binary,C,1,not_pi,logloss,0.37316348,5037,549
binary,C,1,on_imid,auprc,0.49715893,3312,410
binary,C,1,on_imid,auroc,0.78174145,3312,410
binary,C,1,on_imid,logloss,0.37412719,3312,410
binary,C,1,not_imid,auprc,0.55497001,3627,550
binary,C,1,not_imid,auroc,0.81118152,3627,550
binary,C,1,not_imid,logloss,0.3962201,3627,550
binary,C,1,on_steroid,auprc,0.51549015,2666,464
binary,C,1,on_steroid,auroc,0.78825456,2666,464
binary,C,1,on_steroid,logloss,0.42774925,2666,464
binary,C,1,not_steroid,auprc,0.53467615,4273,524
binary,C,1,not_steroid,auroc,0.8019807,4273,524
binary,C,1,not_steroid,logloss,0.35942431,4273,524
binary,C,1,on_cd38,auprc,0.58831864,532,129
binary,C,1,on_cd38,auroc,0.79378189,532,129
binary,C,1,on_cd38,logloss,0.4102909,532,129
binary,C,1,not_cd38,auprc,0.52660207,6407,596
binary,C,1,not_cd38,auroc,0.79985828,6407,596
binary,C,1,not_cd38,logloss,0.38363116,6407,596
binary,C,1,on_chemo,auprc,0.50552649,400,184
binary,C,1,on_chemo,auroc,0.7797171,400,184
binary,C,1,on_chemo,logloss,0.5031679,400,184
binary,C,1,not_chemo,auprc,0.53039776,6539,584
binary,C,1,not_chemo,auroc,0.79685528,6539,584
binary,C,1,not_chemo,logloss,0.37848791,6539,584
binary,C,2,all,auprc,0.52650427,6939,596
binary,C,2,all,auroc,0.79854109,6939,596
binary,C,2,all,logloss,0.38677122,6939,596
binary,C,2,on_pi,auprc,0.52701148,1902,412
binary,C,2,on_pi,auroc,0.81311471,1902,412
binary,C,2,on_pi,logloss,0.41719034,1902,412
binary,C,2,not_pi,auprc,0.52274303,5037,549
binary,C,2,not_pi,auroc,0.78981884,5037,549
binary,C,2,not_pi,logloss,0.37528479,5037,549
binary,C,2,on_imid,auprc,0.48941189,3312,410
binary,C,2,on_imid,auroc,0.77828478,3312,410
binary,C,2,on_imid,logloss,0.37577269,3312,410
binary,C,2,not_imid,auprc,0.55340075,3627,550
binary,C,2,not_imid,auroc,0.81215218,3627,550
binary,C,2,not_imid,logloss,0.39681454,3627,550
binary,C,2,on_steroid,auprc,0.52362626,2666,464
binary,C,2,on_steroid,auroc,0.78919323,2666,464
binary,C,2,on_steroid,logloss,0.42676184,2666,464
binary,C,2,not_steroid,auprc,0.5260772,4273,524
binary,C,2,not_steroid,auroc,0.8015601,4273,524
binary,C,2,not_steroid,logloss,0.36182037,4273,524
binary,C,2,on_cd38,auprc,0.5607995,532,129
binary,C,2,on_cd38,auroc,0.79530187,532,129
binary,C,2,on_cd38,logloss,0.41074146,532,129
binary,C,2,not_cd38,auprc,0.52388503,6407,596
binary,C,2,not_cd38,auroc,0.79879531,6407,596
binary,C,2,not_cd38,logloss,0.38478087,6407,596
binary,C,2,on_chemo,auprc,0.52589572,400,184
binary,C,2,on_chemo,auroc,0.78785211,400,184
binary,C,2,on_chemo,logloss,0.49523249,400,184
binary,C,2,not_chemo,auprc,0.52453014,6539,584
binary,C,2,not_chemo,auroc,0.79555658,6539,584
binary,C,2,not_chemo,logloss,0.38013649,6539,584
binary,C,3,all,auprc,0.52731778,6939,596
binary,C,3,all,auroc,0.79860212,6939,596
binary,C,3,all,logloss,0.3867125,6939,596
binary,C,3,on_pi,auprc,0.51839806,1902,412
binary,C,3,on_pi,auroc,0.81096403,1902,412
binary,C,3,on_pi,logloss,0.41832515,1902,412
binary,C,3,not_pi,auprc,0.52514014,5037,549
binary,C,3,not_pi,auroc,0.79020647,5037,549
binary,C,3,not_pi,logloss,0.37477538,5037,549
binary,C,3,on_imid,auprc,0.49805886,3312,410
binary,C,3,on_imid,auroc,0.77897865,3312,410
binary,C,3,on_imid,logloss,0.37461545,3312,410
binary,C,3,not_imid,auprc,0.54806298,3627,550
binary,C,3,not_imid,auroc,0.81128106,3627,550
binary,C,3,not_imid,logloss,0.39775894,3627,550
binary,C,3,on_steroid,auprc,0.52868951,2666,464
binary,C,3,on_steroid,auroc,0.79011046,2666,464
binary,C,3,on_steroid,logloss,0.42584911,2666,464
binary,C,3,not_steroid,auprc,0.52293651,4273,524
binary,C,3,not_steroid,auroc,0.80017482,4273,524
binary,C,3,not_steroid,logloss,0.36229448,4273,524
binary,C,3,on_cd38,auprc,0.57324127,532,129
binary,C,3,on_cd38,auroc,0.78737245,532,129
binary,C,3,on_cd38,logloss,0.41425201,532,129
binary,C,3,not_cd38,auprc,0.52490988,6407,596
binary,C,3,not_cd38,auroc,0.79953926,6407,596
binary,C,3,not_cd38,logloss,0.38442578,6407,596
binary,C,3,on_chemo,auprc,0.50493049,400,184
binary,C,3,on_chemo,auroc,0.77212846,400,184
binary,C,3,on_chemo,logloss,0.50650897,400,184
binary,C,3,not_chemo,auprc,0.52758773,6539,584
binary,C,3,not_chemo,auroc,0.79638482,6539,584
binary,C,3,not_chemo,logloss,0.37938438,6539,584
binary,C,4,all,auprc,0.53063169,6939,596
binary,C,4,all,auroc,0.79672072,6939,596
binary,C,4,all,logloss,0.38649445,6939,596
binary,C,4,on_pi,auprc,0.54093876,1902,412
binary,C,4,on_pi,auroc,0.81554121,1902,412
binary,C,4,on_pi,logloss,0.4150658,1902,412
binary,C,4,not_pi,auprc,0.52437973,5037,549
binary,C,4,not_pi,auroc,0.78588699,5037,549
binary,C,4,not_pi,logloss,0.37570574,5037,549
binary,C,4,on_imid,auprc,0.49880968,3312,410
binary,C,4,on_imid,auroc,0.77892281,3312,410
binary,C,4,on_imid,logloss,0.37513809,3312,410
binary,C,4,not_imid,auprc,0.55634173,3627,550
binary,C,4,not_imid,auroc,0.8088631,3627,550
binary,C,4,not_imid,logloss,0.39686452,3627,550
binary,C,4,on_steroid,auprc,0.53574494,2666,464
binary,C,4,on_steroid,auroc,0.79048931,2666,464
binary,C,4,on_steroid,logloss,0.42544004,2666,464
binary,C,4,not_steroid,auprc,0.52731914,4273,524
binary,C,4,not_steroid,auroc,0.79568952,4273,524
binary,C,4,not_steroid,logloss,0.36219561,4273,524
binary,C,4,on_cd38,auprc,0.56621402,532,129
binary,C,4,on_cd38,auroc,0.78236607,532,129
binary,C,4,on_cd38,logloss,0.41444392,532,129
binary,C,4,not_cd38,auprc,0.52796059,6407,596
binary,C,4,not_cd38,auroc,0.79784735,6407,596
binary,C,4,not_cd38,logloss,0.38417369,6407,596
binary,C,4,on_chemo,auprc,0.53054038,400,184
binary,C,4,on_chemo,auroc,0.78281326,400,184
binary,C,4,on_chemo,logloss,0.49920676,400,184
binary,C,4,not_chemo,auprc,0.52915511,6539,584
binary,C,4,not_chemo,auroc,0.79393217,6539,584
binary,C,4,not_chemo,logloss,0.37959968,6539,584
binary,D,0,all,auprc,0.53168753,6939,596
binary,D,0,all,auroc,0.79549226,6939,596
binary,D,0,all,logloss,0.38746403,6939,596
binary,D,0,on_pi,auprc,0.52184766,1902,412
binary,D,0,on_pi,auroc,0.80932857,1902,412
binary,D,0,on_pi,logloss,0.41944913,1902,412
binary,D,0,not_pi,auprc,0.53213829,5037,549
binary,D,0,not_pi,auroc,0.78685059,5037,549
binary,D,0,not_pi,logloss,0.37538627,5037,549
binary,D,0,on_imid,auprc,0.48387801,3312,410
binary,D,0,on_imid,auroc,0.77316814,3312,410
binary,D,0,on_imid,logloss,0.37805275,3312,410
binary,D,0,not_imid,auprc,0.56434586,3627,550
binary,D,0,not_imid,auroc,0.81111439,3627,550
binary,D,0,not_imid,logloss,0.39605795,3627,550
binary,D,0,on_steroid,auprc,0.51703899,2666,464
binary,D,0,on_steroid,auroc,0.78387205,2666,464
binary,D,0,on_steroid,logloss,0.42999607,2666,464
binary,D,0,not_steroid,auprc,0.53718238,4273,524
binary,D,0,not_steroid,auroc,0.79901117,4273,524
binary,D,0,not_steroid,logloss,0.36092754,4273,524
binary,D,0,on_cd38,auprc,0.57432435,532,129
binary,D,0,on_cd38,auroc,0.77973002,532,129
binary,D,0,on_cd38,logloss,0.4164175,532,129
binary,D,0,not_cd38,auprc,0.52974069,6407,596
binary,D,0,not_cd38,auroc,0.79663775,6407,596
binary,D,0,not_cd38,logloss,0.3850599,6407,596
binary,D,0,on_chemo,auprc,0.49967395,400,184
binary,D,0,on_chemo,auroc,0.77334264,400,184
binary,D,0,on_chemo,logloss,0.50581338,400,184
binary,D,0,not_chemo,auprc,0.53229695,6539,584
binary,D,0,not_chemo,auroc,0.79270848,6539,584
binary,D,0,not_chemo,logloss,0.38022443,6539,584
binary,D,1,all,auprc,0.53123186,6939,596
binary,D,1,all,auroc,0.79619434,6939,596
binary,D,1,all,logloss,0.38676919,6939,596
binary,D,1,on_pi,auprc,0.51623574,1902,412
binary,D,1,on_pi,auroc,0.80560714,1902,412
binary,D,1,on_pi,logloss,0.42155951,1902,412
binary,D,1,not_pi,auprc,0.5325609,5037,549
binary,D,1,not_pi,auroc,0.78914189,5037,549
binary,D,1,not_pi,logloss,0.37363217,5037,549
binary,D,1,on_imid,auprc,0.48862224,3312,410
binary,D,1,on_imid,auroc,0.77955164,3312,410
binary,D,1,on_imid,logloss,0.37540605,3312,410
binary,D,1,not_imid,auprc,0.55901968,3627,550
binary,D,1,not_imid,auroc,0.807382,3627,550
binary,D,1,not_imid,logloss,0.39714546,3627,550
binary,D,1,on_steroid,auprc,0.51331448,2666,464
binary,D,1,on_steroid,auroc,0.78389843,2666,464
binary,D,1,on_steroid,logloss,0.42998672,2666,464
binary,D,1,not_steroid,auprc,0.53708237,4273,524
binary,D,1,not_steroid,auroc,0.79915841,4273,524
binary,D,1,not_steroid,logloss,0.35980501,4273,524
binary,D,1,on_cd38,auprc,0.58190206,532,129
binary,D,1,on_cd38,auroc,0.79434524,532,129
binary,D,1,on_cd38,logloss,0.41059925,532,129
binary,D,1,not_cd38,auprc,0.52819559,6407,596
binary,D,1,not_cd38,auroc,0.7963708,6407,596
binary,D,1,not_cd38,logloss,0.38479048,6407,596
binary,D,1,on_chemo,auprc,0.50438787,400,184
binary,D,1,on_chemo,auroc,0.77495143,400,184
binary,D,1,on_chemo,logloss,0.50525319,400,184
binary,D,1,not_chemo,auprc,0.53171387,6539,584
binary,D,1,not_chemo,auroc,0.79365513,6539,584
binary,D,1,not_chemo,logloss,0.37952136,6539,584
binary,D,2,all,auprc,0.53115436,6939,596
binary,D,2,all,auroc,0.79703789,6939,596
binary,D,2,all,logloss,0.38688503,6939,596
binary,D,2,on_pi,auprc,0.5292569,1902,412
binary,D,2,on_pi,auroc,0.81112499,1902,412
binary,D,2,on_pi,logloss,0.41795817,1902,412
binary,D,2,not_pi,auprc,0.52859898,5037,549
binary,D,2,not_pi,auroc,0.78832886,5037,549
binary,D,2,not_pi,logloss,0.37515163,5037,549
binary,D,2,on_imid,auprc,0.48150314,3312,410
binary,D,2,on_imid,auroc,0.7770103,3312,410
binary,D,2,on_imid,logloss,0.37708926,3312,410
binary,D,2,not_imid,auprc,0.56471796,3627,550
binary,D,2,not_imid,auroc,0.81071066,3627,550
binary,D,2,not_imid,logloss,0.39583004,3627,550
binary,D,2,on_steroid,auprc,0.5255035,2666,464
binary,D,2,on_steroid,auroc,0.78652522,2666,464
binary,D,2,on_steroid,logloss,0.42811753,2666,464
binary,D,2,not_steroid,auprc,0.53362124,4273,524
binary,D,2,not_steroid,auroc,0.80009417,4273,524
binary,D,2,not_steroid,logloss,0.36115934,4273,524
binary,D,2,on_cd38,auprc,0.55497601,532,129
binary,D,2,on_cd38,auroc,0.78660714,532,129
binary,D,2,on_cd38,logloss,0.41316025,532,129
binary,D,2,not_cd38,auprc,0.52898342,6407,596
binary,D,2,not_cd38,auroc,0.79775898,6407,596
binary,D,2,not_cd38,logloss,0.38470329,6407,596
binary,D,2,on_chemo,auprc,0.53528232,400,184
binary,D,2,on_chemo,auroc,0.78791282,400,184
binary,D,2,on_chemo,logloss,0.49610306,400,184
binary,D,2,not_chemo,auprc,0.52957866,6539,584
binary,D,2,not_chemo,auroc,0.79397998,6539,584
binary,D,2,not_chemo,logloss,0.380204,6539,584
binary,D,3,all,auprc,0.53521037,6939,596
binary,D,3,all,auroc,0.79723535,6939,596
binary,D,3,all,logloss,0.38625331,6939,596
binary,D,3,on_pi,auprc,0.52168292,1902,412
binary,D,3,on_pi,auroc,0.81107403,1902,412
binary,D,3,on_pi,logloss,0.418879,1902,412
binary,D,3,not_pi,auprc,0.53557002,5037,549
binary,D,3,not_pi,auroc,0.78773466,5037,549
binary,D,3,not_pi,logloss,0.37393367,5037,549
binary,D,3,on_imid,auprc,0.49376161,3312,410
binary,D,3,on_imid,auroc,0.77845103,3312,410
binary,D,3,on_imid,logloss,0.37460877,3312,410
binary,D,3,not_imid,auprc,0.56123844,3627,550
binary,D,3,not_imid,auroc,0.80938373,3627,550
binary,D,3,not_imid,logloss,0.39688654,3627,550
binary,D,3,on_steroid,auprc,0.52560057,2666,464
binary,D,3,on_steroid,auroc,0.78810245,2666,464
binary,D,3,on_steroid,logloss,0.42731206,2666,464
binary,D,3,not_steroid,auprc,0.53618992,4273,524
binary,D,3,not_steroid,auroc,0.79872887,4273,524
binary,D,3,not_steroid,logloss,0.36063604,4273,524
binary,D,3,on_cd38,auprc,0.55645045,532,129
binary,D,3,on_cd38,auroc,0.78973214,532,129
binary,D,3,on_cd38,logloss,0.41629204,532,129
binary,D,3,not_cd38,auprc,0.53412894,6407,596
binary,D,3,not_cd38,auroc,0.79787993,6407,596
binary,D,3,not_cd38,logloss,0.38375907,6407,596
binary,D,3,on_chemo,auprc,0.52526105,400,184
binary,D,3,on_chemo,auroc,0.77407115,400,184
binary,D,3,on_chemo,logloss,0.50376038,400,184
binary,D,3,not_chemo,auprc,0.53421907,6539,584
binary,D,3,not_chemo,auroc,0.7946279,6539,584
binary,D,3,not_chemo,logloss,0.37906524,6539,584
binary,D,4,all,auprc,0.53633942,6939,596
binary,D,4,all,auroc,0.79588886,6939,596
binary,D,4,all,logloss,0.38651022,6939,596
binary,D,4,on_pi,auprc,0.52479674,1902,412
binary,D,4,on_pi,auroc,0.80920806,1902,412
binary,D,4,on_pi,logloss,0.41935524,1902,412
binary,D,4,not_pi,auprc,0.53632173,5037,549
binary,D,4,not_pi,auroc,0.786963,5037,549
binary,D,4,not_pi,logloss,0.37410775,5037,549
binary,D,4,on_imid,auprc,0.49677763,3312,410
binary,D,4,on_imid,auroc,0.77544742,3312,410
binary,D,4,on_imid,logloss,0.37681101,3312,410
binary,D,4,not_imid,auprc,0.5661997,3627,550
binary,D,4,not_imid,auroc,0.81005715,3627,550
binary,D,4,not_imid,logloss,0.39536706,3627,550
binary,D,4,on_steroid,auprc,0.53229604,2666,464
binary,D,4,on_steroid,auroc,0.78609278,2666,464
binary,D,4,on_steroid,logloss,0.42769314,2666,464
binary,D,4,not_steroid,auprc,0.5371369,4273,524
binary,D,4,not_steroid,auroc,0.79708316,4273,524
binary,D,4,not_steroid,logloss,0.36081546,4273,524
binary,D,4,on_cd38,auprc,0.57536132,532,129
binary,D,4,on_cd38,auroc,0.78253614,532,129
binary,D,4,on_cd38,logloss,0.4149374,532,129
binary,D,4,not_cd38,auprc,0.53370474,6407,596
binary,D,4,not_cd38,auroc,0.79688616,6407,596
binary,D,4,not_cd38,logloss,0.38414979,6407,596
binary,D,4,on_chemo,auprc,0.52720396,400,184
binary,D,4,on_chemo,auroc,0.77634774,400,184
binary,D,4,on_chemo,logloss,0.50392517,400,184
binary,D,4,not_chemo,auprc,0.53614166,6539,584
binary,D,4,not_chemo,auroc,0.79329983,6539,584
binary,D,4,not_chemo,logloss,0.37932778,6539,584
multiclass,C,0,all,rps,0.078043187,7724,600
multiclass,C,0,all,logloss,0.91732672,7724,600
multiclass,C,0,on_pi,rps,0.081259133,2021,414
multiclass,C,0,on_pi,logloss,0.99044012,2021,414
multiclass,C,0,not_pi,rps,0.076903536,5703,554
multiclass,C,0,not_pi,logloss,0.89141716,5703,554
multiclass,C,0,on_imid,rps,0.07120681,3676,413
multiclass,C,0,on_imid,logloss,0.89476125,3676,413
multiclass,C,0,not_imid,rps,0.084251319,4048,559
multiclass,C,0,not_imid,logloss,0.93781848,4048,559
multiclass,C,0,on_steroid,rps,0.07922069,2793,464
multiclass,C,0,on_steroid,logloss,0.99174383,2793,464
multiclass,C,0,not_steroid,rps,0.077376229,4931,529
multiclass,C,0,not_steroid,logloss,0.87517563,4931,529
multiclass,C,0,on_cd38,rps,0.082819278,559,129
multiclass,C,0,on_cd38,logloss,1.0025208,559,129
multiclass,C,0,not_cd38,rps,0.077670565,7165,600
multiclass,C,0,not_cd38,logloss,0.91068003,7165,600
multiclass,C,1,all,rps,0.077888634,7724,600
multiclass,C,1,all,logloss,0.91443532,7724,600
multiclass,C,1,on_pi,rps,0.081187414,2021,414
multiclass,C,1,on_pi,logloss,0.99435339,2021,414
multiclass,C,1,not_pi,rps,0.07671963,5703,554
multiclass,C,1,not_pi,logloss,0.88611436,5703,554
multiclass,C,1,on_imid,rps,0.071439225,3676,413
multiclass,C,1,on_imid,logloss,0.89444242,3676,413
multiclass,C,1,not_imid,rps,0.08374536,4048,559
multiclass,C,1,not_imid,logloss,0.93259093,4048,559
multiclass,C,1,on_steroid,rps,0.079685161,2793,464
multiclass,C,1,on_steroid,logloss,0.99675072,2793,464
multiclass,C,1,not_steroid,rps,0.076871052,4931,529
multiclass,C,1,not_steroid,logloss,0.86781052,4931,529
multiclass,C,1,on_cd38,rps,0.082636168,559,129
multiclass,C,1,on_cd38,logloss,0.99504059,559,129
multiclass,C,1,not_cd38,rps,0.077518241,7165,600
multiclass,C,1,not_cd38,logloss,0.90814665,7165,600
multiclass,C,2,all,rps,0.0777723,7724,600
multiclass,C,2,all,logloss,0.91264118,7724,600
multiclass,C,2,on_pi,rps,0.081105578,2021,414
multiclass,C,2,on_pi,logloss,0.99026515,2021,414
multiclass,C,2,not_pi,rps,0.07659107,5703,554
multiclass,C,2,not_pi,logloss,0.8851332,5703,554
multiclass,C,2,on_imid,rps,0.071749335,3676,413
multiclass,C,2,on_imid,logloss,0.89806296,3676,413
multiclass,C,2,not_imid,rps,0.083241771,4048,559
multiclass,C,2,not_imid,logloss,0.9258797,4048,559
multiclass,C,2,on_steroid,rps,0.079573477,2793,464
multiclass,C,2,on_steroid,logloss,0.99540332,2793,464
multiclass,C,2,not_steroid,rps,0.076752084,4931,529
multiclass,C,2,not_steroid,logloss,0.86576333,4931,529
multiclass,C,2,on_cd38,rps,0.083779593,559,129
multiclass,C,2,on_cd38,logloss,1.0060023,559,129
multiclass,C,2,not_cd38,rps,0.077303622,7165,600
multiclass,C,2,not_cd38,logloss,0.90535732,7165,600
multiclass,C,3,all,rps,0.077808797,7724,600
multiclass,C,3,all,logloss,0.91534657,7724,600
multiclass,C,3,on_pi,rps,0.080987448,2021,414
multiclass,C,3,on_pi,logloss,0.98913368,2021,414
multiclass,C,3,not_pi,rps,0.076682363,5703,554
multiclass,C,3,not_pi,logloss,0.88919827,5703,554
multiclass,C,3,on_imid,rps,0.071573008,3676,413
multiclass,C,3,on_imid,logloss,0.89760892,3676,413
multiclass,C,3,not_imid,rps,0.083471535,4048,559
multiclass,C,3,not_imid,logloss,0.93145418,4048,559
multiclass,C,3,on_steroid,rps,0.079578601,2793,464
multiclass,C,3,on_steroid,logloss,0.99836989,2793,464
multiclass,C,3,not_steroid,rps,0.076806351,4931,529
multiclass,C,3,not_steroid,logloss,0.86832079,4931,529
multiclass,C,3,on_cd38,rps,0.081955432,559,129
multiclass,C,3,on_cd38,logloss,0.99404379,559,129
multiclass,C,3,not_cd38,rps,0.077485285,7165,600
multiclass,C,3,not_cd38,logloss,0.90920676,7165,600
multiclass,C,4,all,rps,0.077428399,7724,600
multiclass,C,4,all,logloss,0.90954497,7724,600
multiclass,C,4,on_pi,rps,0.081079602,2021,414
multiclass,C,4,on_pi,logloss,0.99294986,2021,414
multiclass,C,4,not_pi,rps,0.076134504,5703,554
multiclass,C,4,not_pi,logloss,0.87998837,5703,554
multiclass,C,4,on_imid,rps,0.071484386,3676,413
multiclass,C,4,on_imid,logloss,0.89324536,3676,413
multiclass,C,4,not_imid,rps,0.082826174,4048,559
multiclass,C,4,not_imid,logloss,0.92434669,4048,559
multiclass,C,4,on_steroid,rps,0.079377429,2793,464
multiclass,C,4,on_steroid,logloss,0.99660372,2793,464
multiclass,C,4,not_steroid,rps,0.076324436,4931,529
multiclass,C,4,not_steroid,logloss,0.86023345,4931,529
multiclass,C,4,on_cd38,rps,0.082312621,559,129
multiclass,C,4,on_cd38,logloss,0.98974947,559,129
multiclass,C,4,not_cd38,rps,0.077047341,7165,600
multiclass,C,4,not_cd38,logloss,0.90328756,7165,600
multiclass,D,0,all,rps,0.078921744,7724,600
multiclass,D,0,all,logloss,0.92751039,7724,600
multiclass,D,0,on_pi,rps,0.082906602,2021,414
multiclass,D,0,on_pi,logloss,1.0058706,2021,414
multiclass,D,0,not_pi,rps,0.077509611,5703,554
multiclass,D,0,not_pi,logloss,0.89974149,5703,554
multiclass,D,0,on_imid,rps,0.07248946,3676,413
multiclass,D,0,on_imid,logloss,0.91013773,3676,413
multiclass,D,0,not_imid,rps,0.084762919,4048,559
multiclass,D,0,not_imid,logloss,0.94328655,4048,559
multiclass,D,0,on_steroid,rps,0.080973709,2793,464
multiclass,D,0,on_steroid,logloss,1.0108569,2793,464
multiclass,D,0,not_steroid,rps,0.077759478,4931,529
multiclass,D,0,not_steroid,logloss,0.88030152,4931,529
multiclass,D,0,on_cd38,rps,0.085136544,559,129
multiclass,D,0,on_cd38,logloss,1.0145525,559,129
multiclass,D,0,not_cd38,rps,0.078436877,7165,600
multiclass,D,0,not_cd38,logloss,0.92071952,7165,600
multiclass,D,1,all,rps,0.078682791,7724,600
multiclass,D,1,all,logloss,0.91944463,7724,600
multiclass,D,1,on_pi,rps,0.082392573,2021,414
multiclass,D,1,on_pi,logloss,0.99814451,2021,414
multiclass,D,1,not_pi,rps,0.077368137,5703,554
multiclass,D,1,not_pi,logloss,0.89155537,5703,554
multiclass,D,1,on_imid,rps,0.072326339,3676,413
multiclass,D,1,on_imid,logloss,0.90287,3676,413
multiclass,D,1,not_imid,rps,0.084455103,4048,559
multiclass,D,1,not_imid,logloss,0.93449611,4048,559
multiclass,D,1,on_steroid,rps,0.08065258,2793,464
multiclass,D,1,on_steroid,logloss,1.0026185,2793,464
multiclass,D,1,not_steroid,rps,0.07756707,4931,529
multiclass,D,1,not_steroid,logloss,0.87233358,4931,529
multiclass,D,1,on_cd38,rps,0.086329399,559,129
multiclass,D,1,on_cd38,logloss,1.0220089,559,129
multiclass,D,1,not_cd38,rps,0.078086217,7165,600
multiclass,D,1,not_cd38,logloss,0.91144276,7165,600
multiclass,D,2,all,rps,0.078505665,7724,600
multiclass,D,2,all,logloss,0.91893127,7724,600
multiclass,D,2,on_pi,rps,0.081483816,2021,414
multiclass,D,2,on_pi,logloss,0.99122639,2021,414
multiclass,D,2,not_pi,rps,0.077450282,5703,554
multiclass,D,2,not_pi,logloss,0.89331169,5703,554
multiclass,D,2,on_imid,rps,0.072544146,3676,413
multiclass,D,2,on_imid,logloss,0.90662177,3676,413
multiclass,D,2,not_imid,rps,0.083919336,4048,559
multiclass,D,2,not_imid,logloss,0.93010956,4048,559
multiclass,D,2,on_steroid,rps,0.080357582,2793,464
multiclass,D,2,on_steroid,logloss,1.0024695,2793,464
multiclass,D,2,not_steroid,rps,0.077456708,4931,529
multiclass,D,2,not_steroid,logloss,0.87161384,4931,529
multiclass,D,2,on_cd38,rps,0.086288599,559,129
multiclass,D,2,on_cd38,logloss,1.0302673,559,129
multiclass,D,2,not_cd38,rps,0.077898454,7165,600
multiclass,D,2,not_cd38,logloss,0.91024504,7165,600
multiclass,D,3,all,rps,0.078086082,7724,600
multiclass,D,3,all,logloss,0.9192532,7724,600
multiclass,D,3,on_pi,rps,0.081551395,2021,414
multiclass,D,3,on_pi,logloss,0.99660106,2021,414
multiclass,D,3,not_pi,rps,0.076858062,5703,554
multiclass,D,3,not_pi,logloss,0.89184306,5703,554
multiclass,D,3,on_imid,rps,0.072100052,3676,413
multiclass,D,3,on_imid,logloss,0.90475883,3676,413
multiclass,D,3,not_imid,rps,0.083522013,4048,559
multiclass,D,3,not_imid,logloss,0.93241557,4048,559
multiclass,D,3,on_steroid,rps,0.080270778,2793,464
multiclass,D,3,on_steroid,logloss,1.0062929,2793,464
multiclass,D,3,not_steroid,rps,0.076848634,4931,529
multiclass,D,3,not_steroid,logloss,0.86995246,4931,529
multiclass,D,3,on_cd38,rps,0.083832144,559,129
multiclass,D,3,on_cd38,logloss,1.0112946,559,129
multiclass,D,3,not_cd38,rps,0.077637785,7165,600
multiclass,D,3,not_cd38,logloss,0.91207229,7165,600
multiclass,D,4,all,rps,0.078502933,7724,600
multiclass,D,4,all,logloss,0.91897495,7724,600
multiclass,D,4,on_pi,rps,0.082461866,2021,414
multiclass,D,4,on_pi,logloss,1.0035275,2021,414
multiclass,D,4,not_pi,rps,0.077099986,5703,554
multiclass,D,4,not_pi,logloss,0.88901165,5703,554
multiclass,D,4,on_imid,rps,0.072729008,3676,413
multiclass,D,4,on_imid,logloss,0.90589444,3676,413
multiclass,D,4,not_imid,rps,0.083746251,4048,559
multiclass,D,4,not_imid,logloss,0.9308534,4048,559
multiclass,D,4,on_steroid,rps,0.080834142,2793,464
multiclass,D,4,on_steroid,logloss,1.008159,2793,464
multiclass,D,4,not_steroid,rps,0.077182498,4931,529
multiclass,D,4,not_steroid,logloss,0.86845962,4931,529
multiclass,D,4,on_cd38,rps,0.086199271,559,129
multiclass,D,4,on_cd38,logloss,1.0145384,559,129
multiclass,D,4,not_cd38,rps,0.077902479,7165,600
multiclass,D,4,not_cd38,logloss,0.91151927,7165,600
