analysis,pathway,status,omnibus_chi2,omnibus_df,omnibus_p,improving_vs_stable_estimate,improving_vs_stable_se,improving_vs_stable_p,improving_vs_stable_ci_lo,improving_vs_stable_ci_hi,improving_vs_stable_odds_ratio,worsening_vs_stable_estimate,worsening_vs_stable_se,worsening_vs_stable_p,worsening_vs_stable_ci_lo,worsening_vs_stable_ci_hi,worsening_vs_stable_odds_ratio,omnibus_q_bh,improving_vs_stable_q_bh,worsening_vs_stable_q_bh
vt_VGPR_only,Adipogenesis,ok,0.74338809,2,0.68956519,0.036744541,0.054946285,0.50366411,-0.0709482,0.14443728,1.037428,0.069124105,0.12415929,0.57770696,-0.17422364,0.31247185,1.0715692,0.73357998,0.96840225,0.70452068
vt_VGPR_only,Allograft Rejection,ok,2.5898061,2,0.27392441,0.022147515,0.051982386,0.67006553,-0.079736089,0.12403112,1.0223946,0.1644044,0.11118212,0.13922197,-0.053508557,0.38231736,1.1786909,0.50717764,0.96840225,0.37305862
vt_VGPR_only,Androgen Response,ok,3.4141845,2,0.18139247,-0.06534288,0.063633996,0.3044888,-0.19006322,0.059377461,0.93674622,0.18928306,0.13330624,0.15563346,-0.071992374,0.45055848,1.2083829,0.50717764,0.96840225,0.37305862
vt_VGPR_only,Angiogenesis,ok,5.5996786,2,0.060819837,0.048941215,0.058271931,0.40097773,-0.065269671,0.1631521,1.0501586,0.23880921,0.10664182,0.025132628,0.029795091,0.44782333,1.2697363,0.50717764,0.96840225,0.34886782
vt_VGPR_only,Apical Junction,ok,1.2109697,2,0.54580972,-0.054829278,0.056880648,0.33507825,-0.1663133,0.056654744,0.94664675,0.055465424,0.11777924,0.63769288,-0.17537765,0.2863085,1.0570325,0.63631822,0.96840225,0.75915819
vt_VGPR_only,Apical Surface,ok,2.6531089,2,0.2653901,0.072740762,0.059460712,0.2212007,-0.043800091,0.18928162,1.0754517,0.10964932,0.11506825,0.34063729,-0.11588031,0.33517895,1.1158867,0.50717764,0.88526872,0.53224576
vt_VGPR_only,Apoptosis,ok,1.2057588,2,0.54723367,0.01670121,0.053557749,0.7551655,-0.088270049,0.12167247,1.0168415,0.12303944,0.11981865,0.30447673,-0.1118008,0.35787968,1.130929,0.63631822,0.96840225,0.50746122
vt_VGPR_only,Bile Acid Metabolism,ok,3.4278413,2,0.18015807,-0.041649653,0.058884502,0.47937327,-0.15706116,0.073761851,0.95920578,0.20464973,0.11901667,0.085522495,-0.028618651,0.4379181,1.2270952,0.50717764,0.96840225,0.34886782
vt_VGPR_only,Cholesterol Homeostasis,ok,2.1785473,2,0.33646079,0.0094035356,0.056193343,0.86710055,-0.10073339,0.11954046,1.0094479,0.17658949,0.11967683,0.14006398,-0.057972794,0.41115178,1.1931412,0.51090275,0.96840225,0.37305862
vt_VGPR_only,Coagulation,ok,5.6863596,2,0.058240178,-0.022630627,0.058573887,0.69922982,-0.13743334,0.092172082,0.97762352,0.25449363,0.10711217,0.017503624,0.04455764,0.46442962,1.2898083,0.50717764,0.96840225,0.34886782
vt_VGPR_only,Complement,ok,2.9314812,2,0.23090692,-0.011056749,0.057124844,0.84652503,-0.12301939,0.10090589,0.98900415,0.19730121,0.11524302,0.086888403,-0.028570949,0.42317338,1.2181109,0.50717764,0.96840225,0.34886782
vt_VGPR_only,DNA Repair,ok,2.7241046,2,0.25613457,0.11225982,0.072657701,0.12233405,-0.030146662,0.25466629,1.1188035,-0.098194782,0.16214361,0.5447779,-0.41599042,0.21960086,0.90647232,0.50717764,0.76179441,0.68097238
vt_VGPR_only,E2F Targets,ok,2.1741829,2,0.33719581,0.096933221,0.067745815,0.15247693,-0.035846136,0.22971258,1.1017868,-0.038771735,0.15540418,0.80298204,-0.34335832,0.26581485,0.96197027,0.51090275,0.76238463,0.81936943
vt_VGPR_only,Epithelial Mesenchymal Transition,ok,3.3180843,2,0.19032119,0.081785095,0.054423415,0.13290206,-0.024882838,0.18845303,1.0852226,0.10316044,0.11526021,0.37077523,-0.12274541,0.32906629,1.1086693,0.50717764,0.76179441,0.54525768
vt_VGPR_only,Estrogen Response Early,ok,2.4716569,2,0.29059392,-0.027642042,0.059818207,0.64400903,-0.14488357,0.08959949,0.9727365,0.18348757,0.12248098,0.13410977,-0.05657073,0.42354587,1.2014,0.50717764,0.96840225,0.37305862
vt_VGPR_only,Estrogen Response Late,ok,3.0600903,2,0.21652589,-0.0082494613,0.062232352,0.89454212,-0.13022263,0.11372371,0.99178447,0.21055416,0.12046329,0.08048657,-0.02554956,0.44665787,1.2343619,0.50717764,0.96840225,0.34886782
vt_VGPR_only,Fatty Acid Metabolism,ok,1.6213743,2,0.44455248,0.0094288834,0.067216593,0.88844182,-0.12231322,0.14117098,1.0094735,0.17766732,0.13990235,0.20410669,-0.096536248,0.45187089,1.1944279,0.6007466,0.96840225,0.41885977
vt_VGPR_only,G2-M Checkpoint,ok,2.3720402,2,0.30543445,0.096401868,0.064847627,0.13712299,-0.030697146,0.22350088,1.1012015,-0.051316057,0.14760298,0.72809348,-0.34061258,0.23798046,0.94997838,0.50905741,0.76179441,0.80530928
vt_VGPR_only,Glycolysis,ok,1.5037361,2,0.47148497,-0.035789847,0.05963366,0.54839838,-0.15266967,0.081089978,0.96484304,0.16289282,0.14897431,0.27420552,-0.12909146,0.45487709,1.1769105,0.62023407,0.96840225,0.47276813
vt_VGPR_only,Hedgehog Signaling,ok,0.085582491,2,0.95811138,0.0015553924,0.05350049,0.97680678,-0.10330364,0.10641443,1.0015566,-0.033972834,0.11782769,0.77309691,-0.26491087,0.1969652,0.96659776,0.95811138,0.97680678,0.80530928
vt_VGPR_only,Hypoxia,ok,2.4641494,2,0.29168679,-0.0096412927,0.064399208,0.88099235,-0.13586142,0.11657884,0.99040504,0.19638314,0.12536038,0.11722022,-0.04931869,0.44208497,1.2169931,0.50717764,0.96840225,0.37305862
vt_VGPR_only,IL-2/STAT5 Signaling,ok,2.6044904,2,0.27192059,-0.016557706,0.0561566,0.76810938,-0.12662262,0.093507207,0.98357862,0.18840735,0.11861008,0.11218238,-0.04406413,0.42087884,1.2073252,0.50717764,0.96840225,0.37305862
vt_VGPR_only,IL-6/JAK/STAT3 Signaling,ok,3.7938265,2,0.15003101,0.0070718573,0.052643022,0.89313682,-0.096106569,0.11025028,1.0070969,0.22249464,0.11644101,0.056031209,-0.0057255383,0.45071482,1.2491891,0.50717764,0.96840225,0.34886782
vt_VGPR_only,Inflammatory Response,ok,2.2366995,2,0.32681867,0.0049097802,0.055625527,0.92966616,-0.10411425,0.11393381,1.0049219,0.17825426,0.12135013,0.14185307,-0.059587615,0.41609614,1.1951292,0.51090275,0.96840225,0.37305862
vt_VGPR_only,Interferon Alpha Response,ok,3.948136,2,0.1388907,0.11998886,0.062043505,0.053119617,-0.0016141709,0.2415919,1.1274843,-0.039019543,0.12572965,0.75629876,-0.28544512,0.20740603,0.96173191,0.50717764,0.76179441,0.80530928
vt_VGPR_only,Interferon Gamma Response,ok,1.0875169,2,0.58056212,0.05745656,0.058444827,0.32556285,-0.057093196,0.17200632,1.0591393,0.037703867,0.12854723,0.76928713,-0.21424408,0.28965181,1.0384237,0.65972968,0.96840225,0.80530928
vt_VGPR_only,KRAS Signaling Dn,ok,2.4472423,2,0.29416303,0.042838573,0.064961836,0.50961188,-0.084484287,0.17016143,1.0437694,0.17968252,0.12834611,0.16151807,-0.071871234,0.43123627,1.1968373,0.50717764,0.96840225,0.37305862
vt_VGPR_only,KRAS Signaling Up,ok,5.0009449,2,0.082046225,0.021010239,0.05545551,0.70478695,-0.087680564,0.12970104,1.0212325,0.24733014,0.1145861,0.03089166,0.022745511,0.47191477,1.2806018,0.50717764,0.96840225,0.34886782
vt_VGPR_only,Mitotic Spindle,ok,0.20021895,2,0.90473837,0.014808378,0.057868957,0.79803191,-0.098612694,0.12822945,1.0149186,-0.047667331,0.13409565,0.72223556,-0.31048997,0.21515531,0.95345092,0.9424358,0.96840225,0.80530928
vt_VGPR_only,Myc Targets V1,ok,4.4973216,2,0.10554047,0.12997267,0.074507656,0.081085817,-0.01605965,0.27600499,1.1387973,-0.19619581,0.1780025,0.2703712,-0.5450743,0.15268269,0.8218513,0.50717764,0.76179441,0.47276813
vt_VGPR_only,Myc Targets V2,ok,4.8730425,2,0.087464591,0.074210308,0.061845974,0.23016987,-0.047005574,0.19542619,1.0770333,-0.24984139,0.1395842,0.073470428,-0.5234214,0.023738628,0.77892432,0.50717764,0.88526872,0.34886782
vt_VGPR_only,Myogenesis,ok,5.0531002,2,0.07993431,-0.0058313787,0.060111557,0.92271903,-0.12364787,0.11198511,0.99418559,0.23528392,0.10470068,0.024626908,0.030074363,0.44049348,1.265268,0.50717764,0.96840225,0.34886782
vt_VGPR_only,Notch Signaling,ok,4.0965181,2,0.12895922,0.061957979,0.057167699,0.27845638,-0.050088651,0.17400461,1.0639176,-0.23644253,0.13576044,0.081575701,-0.5025281,0.029643051,0.78943125,0.50717764,0.96840225,0.34886782
vt_VGPR_only,Oxidative Phosphorylation,ok,1.3152964,2,0.51806831,0.064852529,0.074733986,0.38551573,-0.081623392,0.21132845,1.0670017,-0.1194214,0.1597684,0.45478248,-0.43256172,0.19371891,0.88743375,0.63631822,0.96840225,0.64649024
vt_VGPR_only,PI3K/AKT/mTOR  Signaling,ok,3.1141305,2,0.21075368,0.0082292424,0.053094592,0.87682754,-0.095834246,0.11229273,1.0082632,0.19144489,0.10856863,0.07784085,-0.021345706,0.40423549,1.2109981,0.50717764,0.96840225,0.34886782
vt_VGPR_only,Pancreas Beta Cells,ok,4.3331631,2,0.1145686,-0.10265514,0.062072388,0.098168714,-0.22431479,0.0190045,0.90243813,0.16900752,0.13386534,0.20676213,-0.093363722,0.43137876,1.184129,0.50717764,0.76179441,0.41885977
vt_VGPR_only,Pperoxisome,ok,3.6864,2,0.15831002,0.042868237,0.065696172,0.51406409,-0.085893894,0.17163037,1.0438004,0.25918614,0.15321162,0.090705632,-0.041103123,0.5594754,1.295875,0.50717764,0.96840225,0.34886782
vt_VGPR_only,Protein Secretion,ok,13.677113,2,0.0010716491,-0.22449022,0.065144064,0.00056882824,-0.35217024,-0.096810204,0.79892339,0.11586595,0.16345074,0.47840278,-0.20449161,0.43622351,1.1228453,0.053582456,0.028441412,0.64649024
vt_VGPR_only,Reactive Oxygen Species Pathway,ok,1.7432788,2,0.41826529,0.035507454,0.054160058,0.5120801,-0.07064431,0.14165922,1.0361454,0.13599325,0.1231162,0.26933612,-0.10531006,0.37729656,1.1456742,0.59626051,0.96840225,0.47276813
vt_VGPR_only,Spermatogenesis,ok,1.9838945,2,0.37085385,0.015724877,0.059172688,0.7904352,-0.10025146,0.13170122,1.0158492,0.1988584,0.14293376,0.16414579,-0.081286619,0.47900342,1.2200092,0.54537331,0.96840225,0.37305862
vt_VGPR_only,TGF-beta Signaling,ok,3.4081454,2,0.18194102,0.1072515,0.062146561,0.084386383,-0.014553516,0.22905652,1.1132142,0.10545675,0.1589705,0.50709164,-0.20611971,0.41703322,1.111218,0.50717764,0.76179441,0.65011749
vt_VGPR_only,TNF-alpha Signaling via NF-kB,ok,1.2598552,2,0.53263036,0.030459303,0.056869895,0.59223761,-0.081003642,0.14192225,1.0309279,0.13464672,0.1404363,0.33767241,-0.14060336,0.40989681,1.1441325,0.63631822,0.96840225,0.53224576
vt_VGPR_only,UV Response Dn,ok,2.4890877,2,0.28807229,0.079890871,0.059415634,0.17875113,-0.036561631,0.19634337,1.0831689,0.099780226,0.13781877,0.46906825,-0.1703396,0.36990005,1.1049281,0.50717764,0.81250511,0.64649024
vt_VGPR_only,UV Response Up,ok,0.90105907,2,0.6372906,0.014082638,0.061778565,0.81968242,-0.10700112,0.1351664,1.0141823,0.12448042,0.13893426,0.37027076,-0.14782573,0.39678657,1.1325598,0.70810066,0.96840225,0.54525768
vt_VGPR_only,Unfolded Protein Response,ok,3.5522029,2,0.16929688,-0.12087596,0.064645208,0.061506554,-0.24757824,0.005826323,0.88614387,-0.020837591,0.16443714,0.89916145,-0.34312846,0.30145327,0.97937801,0.50717764,0.76179441,0.89916145
vt_VGPR_only,Wnt-beta Catenin Signaling,ok,0.14473389,2,0.9301895,-0.015269181,0.058376389,0.79365734,-0.1296848,0.099146438,0.9848468,-0.040594721,0.13946838,0.77099965,-0.31394773,0.23275828,0.96021821,0.94917296,0.96840225,0.80530928
vt_VGPR_only,Xenobiotic Metabolism,ok,3.2504754,2,0.19686488,-0.0057623042,0.058231452,0.92117385,-0.11989385,0.10836924,0.99425427,0.21607524,0.11984961,0.07140604,-0.018825674,0.45097616,1.2411958,0.50717764,0.96840225,0.34886782
vt_VGPR_only,heme Metabolism,ok,1.6911634,2,0.42930756,-0.013541467,0.059706042,0.82057748,-0.13056316,0.10348023,0.98654981,0.16984236,0.13531804,0.20942988,-0.095376125,0.43506085,1.185118,0.59626051,0.96840225,0.41885977
vt_VGPR_only,mTORC1 Signaling,ok,0.79308654,2,0.67264117,-0.035348403,0.070278996,0.6149836,-0.1730927,0.1023959,0.96526906,0.1108049,0.16310301,0.49691272,-0.20887112,0.43048093,1.1171769,0.73113171,0.96840225,0.65011749
vt_VGPR_only,p53 Pathway,ok,1.4522394,2,0.48378257,-0.0036901408,0.058372742,0.94959383,-0.11809861,0.11071833,0.99631666,0.15305426,0.12737746,0.22952614,-0.096600979,0.4027095,1.1653882,0.62023407,0.96897329,0.44139643
